place_name,latitude,longitude
Charminar,17.35867794,78.47402769
Shahalibanda,17.35474993,78.4730244
Kilwat,17.36012747,78.47137494
Moosabowli,17.36427457,78.4666682
City College,17.36745265,78.46829029
Madina,17.37037395,78.47559155
Afzalgunj,17.3734,78.4759
Osmangunj,17.38015927,78.47498235
Gandhibavan,17.38834566,78.47138823
Nampally Railway Station,17.39215949,78.47004979
Nampally Public Garden,17.396278,78.470819
Assembly,17.400243,78.470014
Lakdikapool,17.403609,78.464974
Chintal Basthi,17.408898,78.460376
Khairatabad,17.41416544,78.45863971
Khairatabad,17.415785,78.457715
Irram Manzil,17.42075297,78.45569725
Nims Hospital,17.4230085,78.45438905
Punjagutta,17.42632288,78.45262886
Pvr Mall Bus Stop,17.429381,78.450406
Ameerpet,17.431553,78.44765
Maithrivanam,17.44004554,78.44236414
Sr Nagar,17.44296525,78.44073728
Esi Hospital,17.448534,78.437619
Erragadda,17.45617,78.433778
Bharath Nagar,17.46723208,78.42877865
Moosapet,17.47081311,78.42667579
Prashanth Nagar Bus Station,17.47476399,78.42554926
Balnagar,17.46787926,78.44608426
Idpl Water Tank,17.48172545,78.44902396
Idpl Colony,17.48791105,78.45000699
Ganesh Nagar Chintal,17.49089,78.45099
Chintal,17.4954,78.452103
Quthubullapur X Road,17.49889739,78.45175981
Hmt,17.50284571,78.45028734
Gajularam X Road,17.510098,78.447706
Shapur Nagar,17.51600122,78.44690233
Rythu Bazar,17.5176101,78.44659121
Sub Station-Jeedimetla,17.52275733,78.44338618
Jeedimetla,17.52636037,78.44031217
Saibaba Nagar,17.536032,78.434701
Suraram X Road,17.54148961,78.43375415
Bahadur Pally X Road,17.56058162,78.43076473
Gandimaisamma,17.57507524,78.42319429
Mehadipatnam Depot,17.392219,78.440777
Mehdipatnam,17.39472518,78.44017263
Nanal Nagar,17.39512859,78.42734232
Langar House,17.37843771,78.4209751
Bapu-Ghat,17.374015,78.417593
Tippu Khan Bridge,17.37102639,78.40462269
Suncity,17.36476225,78.39571808
Bandlaguda X Road,17.359568,78.38798895
Peeram Cheru,17.35449841,78.37902164
Kalimandir,17.35233192,78.37701528
Appa Junction,17.35093538,78.3580166
Golden Farms,17.35369008,78.34210306
Osman Sagar X Rd,17.35310141,78.33088464
Aziz Nagar X Roads,17.34414051,78.32481623
Himayathnagar X Road,17.33863251,78.31190653
Jbiet College Amdapur X Road Bus Stop,17.33140703,78.29720456
Decent Poultry,17.33107258,78.29313397
Sathsang,17.33002791,78.2801199
Moinabad,17.328394,78.272705
Ayaan College,17.31438034,78.25669684
Kanakamamidi,17.31323061,78.24891776
Kethireddy Pally X Road,17.31019106,78.22889235
Appareddyguda X Road,17.31019618,78.223764
Tholkatta X Roads,17.31345594,78.216919
Mudimyal,17.31947984,78.20895821
Kandawada X Road,17.30718218,78.18237483
Malkapur,17.312,78.172
Kesaram,17.30638448,78.1610097
Chevella Bs,17.313487,78.138914
Kesaram,17.30654741,78.16108078
Malkapur,17.3122833,78.17197323
Kandawada X Road,17.30725134,78.18241373
Mudimyal,17.31962449,78.20908695
Tholkatta X Roads,17.31348287,78.21698607
Appareddyguda X Road,17.31022976,78.22377171
Kethireddy Pally X Road,17.31026017,78.22901845
Kanakamamidi,17.31324847,78.2487917
Ayaan College,17.31466329,78.25676423
Moinabad,17.328963,78.27318
Sathsang,17.33024299,78.28014672
Decent Poultry,17.33127226,78.29315543
Jbiet College Amdapur X Road Bus Stop,17.33162177,78.29738259
Himayathnagar X Road,17.33877669,78.31199256
Aziz Nagar X Roads,17.34418919,78.32465795
Osman Sagar X Rd,17.35319731,78.3305561
Golden Farms,17.35375407,78.34207087
Appa Junction,17.35084335,78.35830717
Kalimandir,17.35245119,78.37686915
Peeram Cheru,17.35461106,78.37880742
Bandlaguda X Road,17.3598,78.3881
Suncity,17.3651,78.3958
Tippu Khan Bridge,17.37109775,78.40446922
Bapu Nagar,17.374278,78.417719
Langar House,17.38158305,78.42183708
Nanal Nagar,17.39548771,78.42732492
Mehdipatnam,17.39527392,78.43979619
Chandrayangutta,17.32722719,78.47513793
Farooqnagar,17.329644,78.470292
Engine Bowli,17.33656622,78.46795012
Falaknuma Depot,17.33722755,78.467025
Sarojini Devi Hospital,17.398719,78.444326
Nmdc,17.39896148,78.44955236
Masab Tank,17.4042608,78.45190465
Pension Office,17.40747384,78.45108453
Care Hospital-Banjara Hills,17.41362673,78.45043346
Banjarahills Road No 7,17.41680678,78.44879329
Gvk Mall,17.41873099,78.44810396
Nims Hospital,17.42195336,78.44911516
Punjagutta,17.42662104,78.45111072
Green Land,17.43072699,78.45590785
Rj College,17.4350377,78.45528692
Hps Begumpet,17.44279925,78.45889147
Shyamlal Begumpet,17.444383,78.461112
Shoppers Stop Begumpet,17.44512232,78.46500189
Prakash Nagar Begumpet,17.4443061,78.47153045
Police Lines,17.443691,78.478073
Wesley College,17.44347191,78.48205269
Paradise,17.44349494,78.48664999
Plaza,17.44330305,78.49065723
Patny,17.44318276,78.49624693
Secunderabad,17.44294733,78.50370884
Sangeeth-Isckon,17.44116763,78.50563601
Secunderabad,17.4371306,78.50514797
Chilkalguda,17.43330525,78.50677192
Alugadda Bhavi,17.435588,78.514285
Mettuguda,17.434563,78.520907
Tarnaka,17.42580594,78.53271961
Habsiguda,17.42129738,78.53977583
Hmt Nagar,17.42443969,78.54731418
Nacharam,17.42808217,78.55094254
Esi Hospital Nacharam,17.43094713,78.55324522
Nacharam X Road,17.43363563,78.55445891
Delhi Tubes Nacharam,17.43830023,78.55833944
Janapriya - Mallapur,17.44177322,78.56528165
Mallapur Village,17.44548828,78.56740594
Noma Function Hall,17.44719502,78.57199788
Nfc X Roads,17.44847058,78.57579455
Ashoknagar-Mallapur,17.45000455,78.58082906
Hcl,17.45555446,78.581737
Ecil Gate,17.46740597,78.57388616
Ecil X Road,17.47205984,78.57107788
Kushaiguda,17.48031836,78.57501537
Nagarjuna Nagar Clny,17.4801444,78.58167026
Chakripuram,17.47877589,78.58613849
Cherlapally Water Tank,17.47128366,78.59696757
Cherlapally Railway Station,17.45904065,78.60438825
Cherlapally,17.46328524,78.6114545
Cherlapally Railway Station,17.4593029,78.60471278
Chakripuram,17.47920036,78.58546793
Nagarjuna Nagar Clny,17.47988472,78.58190194
Kushaiguda,17.48034395,78.57518468
Hcl,17.45525778,78.58136952
Ecil Gate,17.46724739,78.57389152
Delhi Tubes Nacharam,17.43809938,78.55823099
Nacharam X Road,17.43346652,78.55520992
Hmt Nagar,17.42402879,78.54717135
Habsiguda,17.421528,78.538962
Tarnaka,17.42570614,78.53222742
Mettuguda,17.43620172,78.52066007
Alugadda Bhavi,17.43531413,78.51438403
Chilkalguda,17.43306215,78.50638295
Secunderabad,17.434259,78.501577
Patny,17.44296008,78.49667341
Plaza,17.44320462,78.49011942
Paradise,17.44314095,78.48621763
Wesley College,17.44334722,78.48193144
Police Lines,17.44365106,78.47499311
Prakash Nagar Begumpet,17.44399184,78.47139359
Shoppers Stop Begumpet,17.44483962,78.46490432
Shyamlal Begumpet,17.44420962,78.46172825
Hps Begumpet,17.44255487,78.45927805
Rj College,17.4349994,78.45557926
Punjagutta,17.42645225,78.45141113
Nims Hospital,17.42145924,78.44896227
Gvk Mall,17.41794804,78.4490186
Banjarahills Road No 7,17.41633183,78.44893545
Care Hospital-Banjara Hills,17.41363281,78.45061183
Pension Office,17.40788489,78.45115899
Masab Tank,17.40416358,78.4522453
Nmdc,17.39877841,78.44944775
Sarojini Devi Hospital,17.39854304,78.44446689
Mehdipatnam,17.39446381,78.4394866
Tippu Khan Bridge,17.37339446,78.40440271
Ramdev Guda,17.37523733,78.39603963
Age Bar,17.37656394,78.38581838
Ibrahim Bagh,17.37671497,78.38191777
Taramathi,17.37678856,78.3789137
Neknapur,17.37894518,78.36991489
Hanuman Temple,17.381,78.367
Narsinghi,17.38423134,78.361421
Kokapet X Rd,17.387619,78.341096
Grape Garden,17.38682269,78.33802879
Gandipet X Road,17.385,78.331
Cbit,17.39353559,78.32022429
Mile Stone,17.3962497,78.31107795
Khanapur,17.397,78.302
Miyakhan Gadda,17.40493392,78.28495592
Janwada X Road,17.41273737,78.26676518
Kollur X Road,17.41777399,78.24990481
Dontapally,17.41855584,78.22431786
Indian Business School ( Ibs ),17.41892564,78.21693778
Proddutur X Roads,17.422,78.21
Mokila Bus Stop,17.43199217,78.18975594
Bulkapur,17.44480251,78.15878749
Bhanur X Road,17.453,78.144
Shankarpally Bus Station,17.45583,78.13135
Bhanur X Road,17.45333479,78.14411983
Bulkapur,17.44489463,78.15888673
Mokila,17.43346648,78.1868729
Proddutur X Roads,17.42231401,78.21024298
Indian Business School ( Ibs ),17.41875994,78.2177458
Dontapally,17.41867995,78.22393298
Kollur X Road,17.41774328,78.25076044
Janwada X Road,17.41281415,78.26687515
Miyakhan Gadda,17.405,78.286
Khanapur,17.39729652,78.30198258
Mile Stone,17.39627529,78.3115983
Cbit,17.39367488,78.3202672
Gandipet X Road,17.386,78.331
Grape Garden,17.387,78.338
Kokapet X Rd,17.388022,78.341466
Narsingi X Roads,17.38546351,78.35548058
Hanuman Temple,17.38024427,78.36837798
Neknapur,17.379,78.37
Taramathi,17.37689863,78.37893382
Ibrahim Bagh,17.37684488,78.38185612
Age Bar,17.37666314,78.38585861
Ramdev Guda,17.37512219,78.39702129
Tippu Khan Bridge,17.37335842,78.40511352
Narsingi X Roads,17.38531377,78.35566498
Narsinghi,17.38565288,78.35448951
Hayathnagar Bus Depot,17.32652505,78.59324098
Hayathnagar Bus Depot,17.33011503,78.59437287
Rtc Colony-Hyt,17.328654,78.598786
Hayathnagar,17.32731994,78.60489331
Hayathnagar,17.32707761,78.60373244
Rtc Colony Upl,17.328056,78.599494
Hayathnagar Bus Depot,17.32999218,78.59393298
Bhagyalatha (Arunodaya),17.33231694,78.58912647
Shanthi Nagar-Vanastalipuram,17.32820613,78.5875386
Sharada Nagar-Hayathnagar,17.32819462,78.58507633
Subhadra Nagar,17.32882958,78.5834187
Kamala Nagar-Vanasthalipuram,17.32982564,78.579036
Raithu Bazar-Vsp,17.3304987,78.57515749
Vanasthalipuram Complex,17.3307192,78.57296616
Ganesh Temple-Vanastalipuram,17.33124156,78.56918693
Panama Godowns,17.3379997,78.56924325
Chintalkunta Bus Stop,17.340501,78.563096
Chintalkunta Checkpost,17.34262771,78.55642761
Lb Nagar,17.34709759,78.55122149
Kamineni Hospetal-Lb Nagar,17.35336563,78.55557384
Rajeev Gandhi Nagar/Sai Nagar Bus Stop,17.35991872,78.55758771
Alkapuri X Rds,17.365287,78.556949
Snehapuri - Lb Nagar,17.36910641,78.55721623
Nagole X Rds,17.37678108,78.55775333
Nagole Metro Station,17.39052649,78.5587478
Uppal X Roads,17.40203986,78.55957624
Survey Of India,17.405683,78.555518
Ngri,17.41540517,78.54538174
Railway Degree Collge,17.42862991,78.52731228
Mettuguda,17.434189,78.520796
Jbs,17.44761222,78.49757971
Ngri,17.41546626,78.54574552
Survey Of India,17.40601599,78.55561039
Uppal X Road,17.39993534,78.56028199
Nagole Metro Station,17.3905572,78.55892481
Nagole X Road,17.37622157,78.55804369
Snehapuri Colony,17.36883637,78.55739058
Alkapuri X Road,17.36402244,78.5573128
Rajeev Gandhi Nagar,17.35965921,78.55781436
Kamineni Hospital,17.3524401,78.55567592
Lb Nagar,17.34654207,78.55145888
Chintalkunta Check Post,17.342,78.558
Chintalkunta Bus Stop,17.34088382,78.56209785
Panama Godowns,17.33840295,78.56863976
Ganesh Temple-Vanasthalipuram,17.3318023,78.56924862
Vanasthalipuram,17.33136062,78.57289743
Raithu Bazar-Vsp,17.33060531,78.57562422
Kamala Nagar-Vanasthalipuram,17.32989344,78.57894078
Subhadra-Kamala Nagar,17.32891292,78.58334101
Sharada Nagar-Hayathnagar,17.32945565,78.58563155
Shanthi Nagar-Vanastalipuram,17.32931867,78.58753592
Bhagyalatha,17.33294023,78.58927178
Chilkur Balaji Temple,17.35710523,78.29990923
Residential School-Chilkur Balaji,17.34778633,78.29998434
Himayathnagar Village,17.34259827,78.30895033
Care Hospital-Banjara Hills,17.41362673,78.45043346
Indra Gandhi Statue-Secunderabad,17.437418,78.504398
Mehdipatnam,17.39391532,78.44241231
Nfc North Gate,17.45707434,78.57894748
Ecil X Road,17.47253342,78.57006316
Mahaveer Hospital,17.40286847,78.45855107
Bjr College,17.40485709,78.46105635
Lakdikapool,17.40642603,78.46275493
Telephone Bhavan,17.40712214,78.46616059
Secretariat Lic Building,17.408117,78.471823
Tank Bund,17.422315,78.485023
Boats Club,17.42643549,78.48663658
Bible House,17.43064136,78.4922451
Bata,17.43600499,78.49370419
Patny Taj Tristar,17.44052918,78.4950453
Clock Tower Secunderabad,17.44151686,78.49839798
Sangeeth-Isckon,17.44112284,78.50336015
Clock Tower Secunderabad,17.44059575,78.49705698
Patny Taj Tristar,17.43998422,78.49533767
Bata,17.43611759,78.49385709
Bible House,17.43075902,78.49246498
Boats Club,17.42641375,78.48674121
Tank Bund,17.422205,78.48515
Secretariat Lic Building,17.40765263,78.47141471
Birla Mandir,17.40606774,78.46732736
Mahaveer Hospital,17.40274562,78.45831524
Himayathnagar X Road,17.33931347,78.31119899
Himayathnagar Village,17.34290142,78.30821635
Residential School-Chilkur Balaji,17.34765832,78.29992533
Gitam University,17.54987611,78.16419043
Rudhraram,17.56380356,78.16671643
Lakdaram,17.55670952,78.18506375
Isnapur,17.54717299,78.21250734
Muttangi,17.54271592,78.22666615
Navapan Industries,17.53226294,78.25435426
Patancheruvu,17.52954198,78.26410711
J.P Colony,17.52867585,78.26720271
Icrisat,17.51834417,78.27943873
Rc Puram,17.51380648,78.2883543
Beeramguda Kaman,17.508994,78.300791
Ashok Nagar - Bhel,17.504589,78.308468
"Jyothi Nagar, (Lalaguda)",17.50207,78.312112
Lingampally,17.49484919,78.3168903
Lingampally,17.48004207,78.31533198
Alind,17.47667525,78.32473308
Hcu Main Gate,17.468233,78.331306
Hcu Main Gate,17.46220192,78.33550219
Masjid Banda,17.45943084,78.33801672
Hcu Small Gate,17.456496,78.340242
Gachibowli Stadium,17.45075,78.3468
Iiit,17.44444151,78.35368482
Indira Nagar- Gachibowli,17.44060594,78.3609429
Gachibowli,17.43832724,78.36456522
Telecom Nagar,17.43559557,78.36775303
Bio Diversity,17.42915722,78.37504325
Khajaguda X Road,17.4223089,78.38296934
Darga,17.41217445,78.39587333
Narayanamma College,17.410228,78.398301
Shaikpet Nala,17.4072425,78.40242594
Brindhavan Colony,17.40350801,78.40927195
Toli Chowki,17.39924429,78.41551782
Nanal Nagar,17.3962,78.427
Mile Stone,17.34395847,78.29534814
Chilkur Village,17.3479297,78.28888804
Appojiguda X Road,17.3606562,78.27322388
Chandanagar-Moinabad,17.36672955,78.25891163
Chandanagar-Moinabad,17.3738575,78.26132822
Reddipalle-Moinabad,17.37310758,78.2462047
Chinna Mangalaram,17.39072102,78.2270173
Reddipalle-Moinabad,17.3731165,78.24623153
Chandanagar-Moinabad,17.36671284,78.25906724
Appojiguda,17.3717329,78.27552662
Appojiguda X Road,17.36072529,78.27320779
Chilkur Balaji Temple Rd,17.34795536,78.28887865
Chilkur Quarters Twd Azizs Nagar,17.34396387,78.29537228
Koti Women College,17.3849503,78.48847926
Koti Women College,17.38480826,78.48762096
Koti,17.38309842,78.48281984
Abids Gpo,17.38756755,78.47617328
Kukatpally,17.48385396,78.41241718
Kphb,17.494062,78.400453
Jntu,17.496261,78.39441
Nizampet X Rds,17.498276,78.390314
Hydernagar,17.499185,78.383519
Miyapur Metro Station,17.496265,78.370945
Miyapur X Road,17.49648097,78.36260928
Miyapur,17.495772,78.357949
Allwyn X Road,17.49391804,78.35006654
Madeenaguda,17.494912,78.340601
Gangaram,17.49509217,78.33270712
Chandanagar,17.494893,78.323144
Jyothi Nagar-Bhel,17.501464,78.312041
Ashok Nagar - Bhel,17.504123,78.308781
Beeramguda Kaman,17.50889,78.300277
Rc Puram,17.513617,78.287795
Icrisat,17.51855383,78.27871453
Patancheruvu,17.52902531,78.26428415
Allwyn,17.52489848,78.27172928
Lingampally,17.49520733,78.3172601
Chandanagar,17.49516128,78.32297623
Gangaram,17.49517407,78.33089948
Madeenaguda,17.49539,78.340708
Deepthi Sri Nagar,17.495068,78.345604
Allwyn X Road,17.49441142,78.35220996
Miyapur,17.4966936,78.36077124
Miyapur X Road,17.49683765,78.36358365
Miyapur Metro Station,17.496817,78.371098
Hydernagar,17.49954,78.383844
Nizampet X Rds,17.498657,78.390476
Jntu,17.49672432,78.39444637
Kphb,17.49455752,78.40080993
Kukatpally,17.48371582,78.41292411
Moosapet,17.47270709,78.42565119
Bharath Nagar,17.46712966,78.42903617
Erragadda,17.45278568,78.43578996
Esi Hospital Erragadda,17.446138,78.439221
Sr Nagar,17.440269,78.442599
Maithrivanam,17.43784249,78.44349316
Ameerpet,17.431749,78.447983
Panjaguta Metro Station,17.429261,78.450954
Nims Hospital,17.42316378,78.45452783
Irram Manzil,17.42052789,78.45618564
Somajiguda,17.41592625,78.45783232
Khairatabad,17.41283966,78.46056819
Chintal Basthi,17.4089547,78.46058429
Assembly,17.40224399,78.46856115
Abids Grammar School,17.39333183,78.47624971
Koti Bank Street,17.38542736,78.48190785
Bhagyalatha,17.33266004,78.58879924
High Court Colony-Dsnr,17.334888,78.5848
Auto Nagar-Sushma,17.336228,78.576683
Sushma-Autonagar,17.336679,78.573089
Lb Nagar,17.34698734,78.55012714
Lb Nagar Metro Station,17.35011495,78.54750923
Ntr Nagar Lb Nagar,17.35571819,78.54530412
Ashtalakshmi Temple-Kothapet,17.362788,78.543466
Kothapet X Road,17.3671302,78.54040414
Kothapet-Fruit Market,17.36825145,78.53474736
Chaithanyapuri,17.36831295,78.53134314
Dilsukhnagar Bus Depot,17.36844295,78.52318523
Moosarambhagh,17.36960309,78.51577877
Super Bazar Malakpet,17.371934,78.50992
Chermas Malakpet,17.37300259,78.50529671
Nalgonda X Roads,17.37418027,78.49971242
Chaderghat,17.37721605,78.49302024
Dilsukhnagar Bus Depot,17.36880438,78.5238387
Ashtalakshmi Temple-Kothapet,17.362645,78.543864
Laxmireddy Palem,17.32076613,78.62663348
Pedda Amberpet,17.32143199,78.63932642
Outer Ring Road,17.31759862,78.66184028
Abdullapurmet,17.310007,78.686613
Inamguda,17.306523,78.705618
Jafferguda X Road,17.30691332,78.71553094
Bata Singaram,17.30565754,78.7288367
Kothagudem,17.300759,78.73938362
Dandumailaram X Road,17.29254167,78.75393212
Toopranpet,17.29162738,78.76089245
Andol Maisamma,17.28204897,78.78305012
Malkapur,17.280343,78.796394
Kaithapur,17.2675754,78.82716716
Koyyalagudem,17.26091865,78.8439524
Dharmojigudem,17.25656416,78.87777776
Choutuppal Bs,17.25441253,78.89447987
Dharmojigudem,17.25642592,78.87770004
Koyyalagudem,17.26042675,78.84399533
Kaithapur,17.26763005,78.82662266
Malkapur,17.280127,78.7965
Andol Maisamma,17.28241272,78.78220796
Toopranpet,17.291326,78.76186
Dandumailaram X Road,17.29228685,78.75417618
Kothagudem,17.300595,78.73924943
Bata Singaram,17.30526702,78.72924004
Jafferguda X Road,17.30654249,78.71559247
Inamguda,17.306185,78.705423
Abdullapurmet,17.30977,78.686607
Outer Ring Road,17.31728679,78.66210915
Pedda Amberpet,17.3205492,78.64124112
Laxmireddy Palem,17.32055654,78.626572
Dilsukhnagar Bus Depot,17.36862007,78.52366448
Chaithanyapuri,17.36848178,78.53261233
Kothapet-Fruit Market,17.36851768,78.53502631
Kothapet X Road,17.36683421,78.54130168
Ntr Nagar Lb Nagar,17.35596665,78.54560781
Lb Nagar Metro Station,17.34971672,78.54816922
Sushma-Autonagar,17.336986,78.573452
Auto Nagar-Sushma,17.336495,78.576728
High Court Colony-Dsnr,17.335042,78.585203
Chaderghat,17.377081,78.49577
Super Bazar Malakpet,17.3724599,78.50911248
Rajendra Nagar Depot,17.3347442,78.40934336
Nppti,17.33702546,78.41178954
Dairy Farm Upperpally,17.345415,78.416081
Ws Colony,17.33255698,78.42688534
Shivarampally,17.3266663,78.42571023
Aramghar,17.32124787,78.43160307
Ag College,17.3137973,78.42476649
Gagan Pahad,17.2928909,78.41768638
Sathamrai,17.27451857,78.401179
Shamshabad,17.26446107,78.3913377
Shamshabad,17.26204565,78.38824242
Shamshabad,17.262309,78.387974
Rallaguda,17.2650002,78.37410584
Doddi,17.26397436,78.36868104
Oasis School Of Excellence,17.26214298,78.35270852
Narkhoda,17.258,78.335
Sultanpally X Roads,17.25624656,78.31944108
Vardhaman Clg,17.254,78.308
Kacharam,17.252,78.295
Rayannaguda,17.252,78.29
Malkaram,17.251,78.276
Kavelliguda,17.24743487,78.25693488
Venkatapur-Moinabad,17.24702496,78.25378612
Ramanujapur-Shamshabad,17.23346321,78.24696243
Maddur,17.217,78.226
Hayathabad,17.225,78.199
Chandanvelly,17.229,78.17
Rudraram-Shabad,17.23536434,78.15793991
Nagarguda,17.23400776,78.1362851
Allwada,17.25471351,78.13643329
Kamena,17.299,78.146
Malreddyguda,17.30405542,78.14609798
Moosarambhagh,17.37112429,78.51475415
Sripuram Colony,17.37663703,78.51466831
Ali Cafe Amberpet,17.38206551,78.51821155
Amberpet,17.39030635,78.5164547
Gol Naka,17.39053663,78.50637482
Kachiguda Kamela,17.38798349,78.50304231
Chaderghat,17.381472,78.492653
Nimboliadda,17.38422366,78.49360194
Kachiguda Railway Station,17.38950008,78.49726416
Tourist Hotel,17.39102496,78.49644777
Barkatpura,17.39568785,78.4973453
Fever Hospital,17.39548949,78.50220144
Tilak Nagar,17.39419276,78.50854084
6 Number,17.39174101,78.51079389
Syndicate Bank Shivam,17.39873239,78.51256013
Prashanth Nagar-Shivam Road,17.40073132,78.51343991
Shivam Ncc Gate,17.40523327,78.51533088
Vidyanagar,17.40500372,78.51072454
Ram Nagar Gundu,17.40751896,78.51237242
Ramnagar Mee Seva,17.40917705,78.50878961
Ram Nagar,17.41086044,78.50725739
Ramnagar,17.40953312,78.50663781
Vst Bus Stop,17.404081,78.50378864
Tsrtc Bus Bhavan,17.40566591,78.49942937
Rtc X Road,17.40802785,78.4971857
Golconda X Road,17.411665,78.497731
Raja Delux,17.41565751,78.49825322
Musheerabad Police Station,17.42057889,78.50048751
Gandhi Hospital,17.42408477,78.50175888
Bhoiguda Bus Stop,17.42794791,78.50203179
Chilkalguda,17.43299312,78.50597799
Secunderabad,17.43457052,78.50487894
Chilkalguda,17.43249406,78.50602627
Bhoiguda Bus Stop,17.42807138,78.50220077
Gandhi Hospital,17.42416715,78.5019711
Musheerabad,17.41875547,78.49985451
Raja Delux,17.41502029,78.49816203
Golconda X Road,17.410802,78.498045
Rtc X Road,17.40852729,78.49762291
Tsrtc Bus Bhavan,17.4061266,78.49869847
Vst Bus Stop,17.40416556,78.50440915
Ramnagar,17.40954718,78.50658282
Ram Nagar,17.41097146,78.50723863
Ramnagar Mee Seva,17.40956444,78.50844294
Ram Nagar Gundu,17.40758545,78.51237774
Vidyanagar,17.40492553,78.51226526
Shivam Ncc Gate,17.40374252,78.51485073
Prashanth Nagar-Shivam Road,17.4010052,78.51366513
Syndicate Bank Shivam,17.39715985,78.5121289
6 Number,17.39136667,78.51098768
Gol Naka,17.39058026,78.50635081
Ali Cafe Amberpet,17.38225614,78.51830408
Sripuram Colony,17.37619223,78.51477562
Moosarambhagh,17.37072153,78.51500094
Kothapet X Road,17.36835646,78.53832006
Kothapet X Road,17.368062,78.53807866
Amberpet,17.392241,78.516642
Mile Stone,17.371068,78.525539
New Bridge,17.439378,78.525373
Huda X Rd Saroornagar,17.36689464,78.53986502
Huda Colony,17.36238428,78.53953377
Victoria Memorial School,17.36187908,78.53945199
Muncipal Ofc Saroornagar,17.359,78.537
Saroornagar Mndl Office,17.35727266,78.53620245
Saroor Nagar,17.35255973,78.53546234
Saroornagar Mndl Office,17.35730492,78.53618906
Muncipal Ofc Saroornagar,17.359,78.537
Victoria Memorial School,17.36193599,78.53933928
Huda Colony,17.36238914,78.53943318
Huda X Rd Saroornagar,17.36743507,78.53973629
Telangana High Court,17.370175,78.474051
Afzalgunj,17.373,78.477
Cbs,17.37785305,78.48192816
Punjagutta,17.42710471,78.45211655
Habib Nagar,17.47748242,78.42059523
Govt Degree College Kukatpally,17.48175519,78.41551512
Ramdev Rao Hospital,17.48989403,78.40799689
Vasanth Nagar Bus Stop,17.498712,78.386862
Deepthi Sri Nagar,17.494731,78.345525
Allwyn,17.52476163,78.27171921
Patancheruvu,17.52954198,78.26410711
Vivekananda Nagar Clny,17.486536,78.410808
Punjagutta,17.42642206,78.45273748
Nampally Public Garden,17.39621607,78.47127423
Gandhibavan,17.38777749,78.47198363
Osmangunj,17.38055945,78.47526232
Afzalgunj,17.3738,78.478
Cbs,17.37822549,78.48167891
Cbcid Colony-Hydernagar,17.49892682,78.38025212
Vasanth Nagar Bus Stop,17.49923794,78.3858737
Remedy Hospital-Kuktplly,17.494976,78.398581
Habib Nagar,17.47799857,78.42047118
Nizam College,17.39745069,78.47545355
Nalgonda X Roads,17.375289,78.498622
Old Malakpet,17.37334812,78.50423722
Moosarambhagh,17.36951484,78.51676137
Ngos Colony Bus Stop,17.32491205,78.56649399
Govt Hospital-Bn Reddy Nagar,17.32936219,78.5658516
Red Tank,17.32915998,78.56900453
Banjara Hills Kaman,17.40828836,78.43872959
Vengal Rao Building Road No-12,17.412,78.432
Mla Colony,17.414103,78.424086
Apollo Hospital-Jublie Hills,17.41858264,78.41278199
Journalist Colony,17.42135706,78.41065226
Road No 45,17.42470424,78.40919137
Peddamma Temple,17.42757118,78.40541204
Ambedkar Open University,17.43422488,78.39637115
Cable Bridge,17.4357491,78.39440346
Madhapur Police Station,17.43945701,78.39601547
Madhapur Petrol Pump,17.44115764,78.38953257
Image Hospital,17.44635827,78.38500501
Hitech City (Cyber Towers),17.4508,78.3817
Shilparamam,17.45383622,78.37897941
Hitex,17.45546131,78.37754577
Jayabheri,17.45813871,78.37000608
Kothaguda X Roads,17.45935664,78.36604172
Kondapur,17.46516466,78.36369753
Kondapur,17.46391613,78.36725414
Kothaguda-Kondapur,17.45862998,78.36817682
Jayabheri,17.45826026,78.37007884
Hitex,17.45511498,78.37811173
Hitech City (Cyber Towers),17.44995084,78.38257358
Image Hospital,17.44395045,78.38722055
Madhapur Petrol Pump,17.44141997,78.38989223
Madhapur Police Station,17.43899387,78.3970374
Cable Bridge,17.4356365,78.39453757
Ambedkar Open University,17.43444908,78.39658146
Peddamma Temple,17.4278066,78.4056159
Road No 45,17.42487826,78.40943456
Journalist Colony,17.42099347,78.41128798
Apollo Hospital-Jublie Hills,17.41827568,78.41346857
Mla Colony,17.414393,78.424366
Vengal Rao Building Road No-12,17.41209505,78.43205899
Banjara Hills Kaman,17.40951706,78.43801617
Clock Tower-Secbad,17.4432944,78.49858326
Engine Bowli,17.335,78.469
Falaknuma Railway Bridge,17.32804743,78.47433597
Chandrayangutta,17.32696685,78.47596273
Aliabad,17.34758651,78.47061307
Syed Ali Chabutra,17.3478785,78.47091884
Laldarwaza,17.351185,78.472519
Lb Stadium,17.39869208,78.47431552
Basheer Bagh,17.40184214,78.47577363
Liberty,17.40733719,78.47665574
Boats Club,17.42867342,78.48874748
Liberty,17.40602039,78.4770973
Basheer Bagh,17.40159893,78.47589165
Abids Gpo,17.38730891,78.47624839
Afzalgunj,17.37330715,78.47693241
Darul Shifa,17.37326864,78.48298609
Purani Haveli,17.367562,78.481414
Mir Chowk Police Statiom,17.36393346,78.48045174
Bibi Bazar,17.35860025,78.47933026
Shahalibanda,17.35468862,78.47328719
Laldarwaza,17.351204,78.472682
Aliabad,17.34745369,78.47057285
Rethibowli,17.394408,78.43122
Gudi Malkapur X Roads,17.38727328,78.42977378
Jyothi Nagar,17.38269779,78.42958463
Attapur,17.370238,78.42947
Hyderguda X Road,17.36385154,78.42830088
Upperpally,17.35567783,78.42234887
Aramghar X Roads,17.32153842,78.43245572
Durga Nagar,17.31463256,78.44482094
Mailardevpally,17.31629891,78.44968915
Palle Cheruvu,17.31577595,78.45598698
Bandlaguda,17.31672851,78.46623303
Hashamaba,17.3222417,78.46843304
Chandrayangutta,17.32683784,78.4764712
Dlrl,17.32902907,78.48257079
Phool Bagh,17.33019682,78.48577023
Hafiz Baba Nagar Hyd Bus Stop,17.33197865,78.49034608
Drdl Gate Bus Stop,17.336944,78.496292
Pisal Banda,17.34087435,78.50250406
Owaisi Hospital,17.34353632,78.50671813
Champapet,17.34241751,78.51589344
Manda Mallama X Road,17.33973759,78.52422051
Gayatri Nagar X Road,17.337745,78.531394
Tkr Kaman,17.33770924,78.53618485
Sagar X Road,17.34296286,78.54714722
Uppal X Road,17.40126116,78.56007411
Lb Nagar,17.34593274,78.55058849
Sagar X Road,17.34152301,78.54617826
Tkr Kaman,17.33746811,78.5361401
Gayatri Nagar X Road,17.337499,78.531372
Manda Mallama X Road,17.3396787,78.52358482
Champapet,17.34223358,78.51551842
Owaisi Hospital,17.34336102,78.50688462
Midhani Bus Stop,17.33995387,78.50379251
Drdl Gate Bus Stop,17.33687699,78.49671766
Hafiz Baba Nagar Hyd Bus Stop,17.33189684,78.49041582
Phool Bagh,17.33012456,78.48596338
Dlrl,17.32871884,78.48272632
Chandrayangutta,17.32659473,78.47650155
Hashamaba,17.32211811,78.4686765
Bandlaguda,17.31668876,78.46638858
Palle Cheruvu,17.31560183,78.45598698
Mailardevpally,17.31609727,78.44940753
Durga Nagar,17.314699,78.443284
Aramghar X Roads,17.32192394,78.43133614
Shivarampally X Road,17.32705586,78.42534106
Ws Colony,17.33264884,78.42663623
Dairy Farm,17.34595226,78.41573171
Upperpally,17.35601177,78.42226496
Hyderguda X Road,17.36384064,78.42808931
Attapur,17.37022385,78.42919841
Jyothi Nagar,17.38269042,78.42936405
Gudi Malkapur X Roads,17.38815636,78.42959406
Rethibowli,17.39570594,78.43107463
Uppal X Road,17.40200861,78.55898384
Shivarampally X Road,17.328,78.435
Budvel,17.33325917,78.40973496
Rajendranagar,17.32189575,78.40210139
Walanthari,17.32268952,78.38193118
Himayath Sagar,17.325,78.374
Himayath Sagar,17.3390661,78.36212041
"Police Academy, Tspa Junction",17.35068702,78.35812423
Ashramam-Machirevula,17.37296159,78.34965616
Narsing X Road Twd Gachibowli,17.4007083,78.35214258
Nanakramguda,17.41949635,78.35486365
Gachibowli,17.43821656,78.36350977
Engine Bowli,17.33661203,78.464908
Vattepally,17.32829192,78.45689356
Nice Hotel,17.32945992,78.45893662
Engine Bowli,17.33663376,78.46480072
Falaknuma Govt Junior College,17.33669922,78.47456229
Rajanna Bavi,17.33961146,78.47308874
Pool Bagh,17.34223072,78.47412408
Laldarwaza,17.34665472,78.47533107
Laldarwaza,17.34696451,78.47512454
Badangpet,17.30712839,78.52540925
Anjaneya Tower,17.29806176,78.53203833
Rajivgruhakalpa Bus Stop,17.2976391,78.5388755
Ysr Colony-Badangpet,17.30814783,78.53403698
Almasguda,17.3090656,78.53316084
Almasguda,17.31058923,78.53144825
Prashanti Hills,17.31664652,78.53282958
Meerpet Swimming Pool,17.319,78.53
Meerpet X Road,17.32291997,78.52780581
Lalitha Nagar X Road,17.328,78.526
Jillelguda,17.33097144,78.52613613
Vijaya Durga Colony,17.33498104,78.52612942
Champapet Gandhi Statue,17.34398181,78.51527461
Champapet,17.348647,78.515104
Is Sadan,17.35287276,78.50644268
Saidabad,17.35947585,78.50470663
Government Press,17.36742837,78.50163817
Malakpet Government Hospital Twd Koti,17.3721092,78.49954605
Malakpet Sohail Hotel Twd Is Sadan,17.37250598,78.49951386
Government Press,17.367,78.502
Saidabad,17.35933248,78.50482999
Madannapet,17.35775037,78.50535034
Is Sadan,17.35181603,78.50786353
Champapet,17.34834446,78.51519406
Champapet Gandhi Statue,17.3440484,78.5153845
Manda Mallama X Rds,17.33951157,78.52383479
Vijaya Durga Colony,17.33503608,78.52611065
Jillelguda,17.3309804,78.5261187
Lalitha Nagar X Road,17.328,78.526
Meerpet X Road,17.32293789,78.5278675
Meerpet Swimming Pool,17.3197551,78.52959216
Prashanti Hills,17.3164852,78.53283226
Almasguda,17.30995543,78.53149387
Almasguda,17.30905279,78.53320375
Ysr Colony-Badangpet,17.30821441,78.53403429
Sagar X Road,17.340736,78.548133
Hastinapur,17.32890508,78.55462656
Bn Reddy Nagar,17.31995225,78.56061462
Gurram Guda X Road,17.30458042,78.57089282
Injapur X Roads,17.29875559,78.58295695
Turkayamjal,17.27283661,78.5890916
Ragannaguda,17.26204309,78.5861063
Manneguda X Road,17.25521636,78.58578595
Bongloor X Road,17.231374,78.58928
Koheda X Road,17.21973683,78.60009683
Mangalpally X Road,17.21500138,78.60530069
Sheriguda -Ibp,17.208482,78.61978
Uppariguda X Road,17.20526107,78.61994533
Ibrahimpatnam,17.1914372,78.64766467
Khanapur X Road,17.1752297,78.65458846
Gnit,17.16263164,78.66054028
Gnit,17.16195247,78.66083265
Uppariguda X Road,17.20524121,78.61968448
Sheriguda -Ibp,17.208683,78.619542
Mangalpally X Road,17.21488955,78.60513927
Koheda X Road,17.21984069,78.59943254
Bongloor X Road,17.231567,78.588984
Manneguda X Road,17.25525286,78.58564112
Ragannaguda,17.262394,78.58596683
Brahmanapally X Roads,17.26684831,78.58890788
Turkayamjal,17.27358438,78.58874559
Injapur X Roads,17.29889234,78.5824224
Gurram Guda X Road,17.30452406,78.57042068
Sagar Complex,17.31210901,78.56371522
Bn Reddy Nagar,17.320458,78.56039
Hastinapur,17.32947234,78.55371059
Chadarghat Rose Bakery,17.37727237,78.49122584
Mgbs Exit,17.37693171,78.4863871
Darushifa,17.37367383,78.48325974
Mgbs Exit,17.37695218,78.48626639
Brahmanapally X Roads,17.26675861,78.58901918
Pc Tanda,17.53711754,78.24303031
Icrisat,17.51834417,78.27943873
Lingampally,17.49408424,78.3158201
Lal Dhaba,17.34223894,78.42247009
Lal Dhaba,17.34178318,78.42285733
Toli Chowki,17.39874255,78.415609
Brindhavan Colony,17.40280129,78.41016345
Shaikpet Nala,17.407302,78.401751
Darga,17.413264,78.394529
Khajaguda X Rd,17.42308311,78.3812365
Bio Diversity,17.429031,78.374323
Telecom Nagar Hyd,17.435076,78.367627
Gachibowli,17.43903479,78.36295187
Iiit,17.44550587,78.35206512
Gachibowli Stadium,17.450753,78.346141
Hcu Small Gate,17.45687,78.339608
Masjid Banda,17.46019084,78.33719199
Hcu Main Gate,17.46153646,78.33590981
Hcu Main Gate,17.468116,78.331202
Alind,17.47668292,78.32460165
Lingampally Railway Station,17.47973549,78.31521396
Pc Tanda,17.53705169,78.24282766
Muthangi,17.5424509,78.22663095
Isnapur,17.54736789,78.21183085
Lakdaram-Patancheru,17.55509268,78.18896804
Rudraram,17.56365649,78.16660877
Shivarampally X Road,17.327,78.435
Kachiguda Kamela,17.38806796,78.5030061
Zinda Tilismath,17.38763154,78.51114258
Amberpet Gandhi Statue,17.39270214,78.51982357
Irani Hotel Amberpet,17.39352101,78.5222
Ramanthapur Tv Studio,17.396713,78.52988
Ramanthapur,17.397903,78.532729
Ramanthapur Public School,17.39919566,78.53623867
Ramanthapur Church,17.401107,78.54349
Modern Bakery,17.40132001,78.55001181
Uppal X Roads,17.40158108,78.56194295
Uppal Gandhi Statue,17.40152285,78.56604606
Uppal Bus Stop,17.40165529,78.56875908
Peerzadiguda Kaman,17.40136097,78.58157337
Boduppal,17.40474581,78.58652037
Sunny Bakery-Boduppl,17.41503308,78.58509782
Ambedkar Statue Boduppal,17.41838816,78.58440577
Water Tank Boduppal,17.41924043,78.58172022
Indra Nagar-Boduppal,17.4219633,78.58040929
Water Tank Boduppal,17.4192916,78.58165114
Ambedkar Statue Boduppal,17.41821695,78.58464439
Sunny Bakery-Boduppl,17.41507657,78.58518901
Boduppal,17.404614,78.58667493
Peerzadiguda Kaman,17.40123875,78.58160153
Uppal Bus Stop,17.4014659,78.5710001
Uppal Gandhi Statue,17.40141983,78.56580466
Uppal X Roads,17.40143007,78.56090963
Modern Bakery,17.40122028,78.55002523
Ramanthapur Church,17.401,78.544
Ramanthapur Public School,17.3994644,78.53779435
Polytechnic College-Ramanthapur,17.39534775,78.52690995
Irani Hotel Amberpet,17.39327558,78.52189421
Amberpet,17.39213392,78.51677924
6 Number,17.39117679,78.51077924
Zinda Tilismath,17.3876,78.5111
Chadarghat,17.3814704,78.49291027
Hayath Nagar Bus Stand,17.32707761,78.60373244
Jbs,17.44756592,78.49663586
Amberpet Gandhi Statue,17.39239242,78.51941049
Word And Deed School,17.32139898,78.61346978
Gandi Mysamma Temple-Abdullahpurmet,17.31511536,78.6738334
Ramoji Film City,17.311516,78.683365
Ramoji Film City,17.31132,78.683128
Gandi Mysamma Temple-Abdullahpurmet,17.31500626,78.67375543
Word And Deed School,17.32090915,78.61362202
Cherlapally Phase 1,17.45946154,78.59055877
Ganesh Temple Kaman Cherlapally,17.45903673,78.59512197
Ec Nagar,17.45919427,78.5990426
Ec Nagar,17.4591494,78.5990265
Ganesh Temple Kaman Cherlapally,17.45896007,78.59519901
Cherlapally Phase 1,17.45942316,78.59071434
Hcl,17.45524356,78.58147412
Ashoknagar-Mallapur,17.45,78.581
Nfc X Roads,17.4482646,78.57538953
Noma Function Hall,17.44698519,78.5722822
Mallapur Village,17.44483322,78.56734961
Janapriya - Mallapur,17.44214897,78.5660883
Nacharam X Road,17.43312488,78.55464408
Nacharam,17.42783534,78.55093315
Barkatpura,17.39231371,78.50115202
Barkatpura,17.39400234,78.49834182
Kachiguda X Roads,17.39069285,78.48937511
Goshamahal,17.38383299,78.47415089
Darusalam,17.38281423,78.46528888
Bhoiguda Kaman,17.3828121,78.4604281
Seethrambagh,17.38516701,78.45814783
Mallepally,17.38919052,78.45457999
Asifnagar,17.38987313,78.45160397
Nanal Nagar,17.39607053,78.42676147
Khajaguda X Road,17.42247013,78.38180646
Lanco Hills,17.418,78.3703
Khajaguda,17.41787575,78.36730846
Nanakramguda,17.41948116,78.35451599
Wipro Circle,17.42762385,78.3417864
Q City,17.42660948,78.33153114
Gowli Doddi,17.42986209,78.32432002
Gopanpally,17.45325336,78.30616928
Gopanpally X Roads,17.4462399,78.30675892
Mile Stone,17.46206632,78.30813823
Mile Stone,17.47017654,78.30986104
Nallagandla,17.47752707,78.30663084
Nallagandla,17.47749526,78.30721966
Mile Stone,17.47034734,78.30997954
Mile Stone,17.46192809,78.30827239
Mile Stone,17.45336545,78.30631975
Gopanpally X Roads,17.44589371,78.30749854
Gowli Doddi,17.4297373,78.32467541
Q City,17.4267131,78.33156198
Wipro Circle,17.42619365,78.34065199
Khajaguda,17.41800952,78.36729839
Lanco Hills,17.41824758,78.3704728
Asifnagar,17.39002198,78.45184812
Seethrambagh,17.38521522,78.45825076
Mallepally,17.38928061,78.4548889
Bhoiguda Kaman,17.38290382,78.46051454
Darusalam,17.38327255,78.4659326
Secunderabad,17.43692496,78.50524949
Omkar Nagar,17.337184,78.550306
Santhoshi Matha Temple-Hasthinapuram North,17.33230158,78.55297029
Hastinapur,17.3269198,78.55642501
Sagar Complex,17.313,78.563557
Katta Mysamma,17.29182715,78.58711479
Sathireddy Garden,17.27962623,78.58724354
Sri Indu College,17.21381852,78.61122241
Ibrahimpatnam Old Bus Station,17.1972156,78.65003408
Khanapur X Roads,17.17536817,78.65471721
Sri Indu College,17.21367247,78.61050101
Sathireddy Garden,17.2795955,78.58696463
Katta Mysamma,17.29177082,78.58688146
Hastinapur,17.326891,78.556174
Santhoshi Matha Temple-Hasthinapuram North,17.332662,78.552672
Omkar Nagar,17.336996,78.550159
Is Sadan,17.35186212,78.50698916
Pisal Banda,17.34051268,78.50236974
Barkas,17.31745821,78.47965613
Sadat Nagar,17.29241755,78.47377113
Jalpally X Rd,17.28311835,78.47183082
Pahadi Shareef,17.271089,78.474293
Sheep Farm,17.25720138,78.47552395
Sardar Nagar,17.23230045,78.47327918
Tukkuguda,17.208974,78.476849
Imamguda-Mhrm,17.19279045,78.47517818
Maheshwaram Gate,17.17893527,78.47382903
Lemur X Roads,17.16431298,78.47683311
Thummaloor-Gate,17.13243042,78.47786743
Rachloor-Gate,17.12442252,78.47711138
Gudur Gate,17.09219301,78.47457468
Kandukur X Roads,17.07285166,78.47401024
Nedunur X Road Bus Stop,17.0558961,78.47335126
Debbdaguda X Road,17.02504571,78.492289
Mucherla X Road,17.00989941,78.49800646
Kadthal-Rr,16.98566224,78.50180176
Kadthal Toll,16.97051428,78.50782871
Maisigandi,16.95444447,78.51728216
Karkalpahad,16.92558466,78.52734547
Konapur-Amangal,16.90166651,78.53077233
Vithaipalle,16.88332743,78.52916703
Amangal,16.84942376,78.53036597
Amangal,16.84922355,78.53005351
Vithaipalle,16.87763366,78.52913618
Konapur-Amangal,16.90169798,78.53074686
Karkalpahad,16.92565491,78.52727842
Maisigandi,16.95396758,78.51762816
Kadthal Toll,16.970404,78.50755
Kadthal-Rr,16.9776065,78.50422271
Debbdaguda X Road,17.02497005,78.49223971
Nedunur X Road Bus Stop,17.05620445,78.47319737
Kandukur X Roads,17.07300268,78.47385587
Gudur Gate,17.09228302,78.47447812
Thummaloor-Gate,17.13257332,78.47769108
Lemur X Roads,17.16393866,78.47704768
Maheshwaram Gate,17.17887762,78.47366642
Imamguda-Mhrm,17.192,78.475
Tukkuguda,17.20945902,78.47668155
Sheep Farm,17.24716943,78.47361177
Pahadi Shareef,17.27096164,78.47414285
Jalpally X Rd,17.28337062,78.47160083
Sadat Nagar,17.29242395,78.47367993
Barkas,17.31738078,78.47958773
Chinthalapally,16.84517784,78.49590361
Khanapur-Thalakondapally,16.85439855,78.46602917
Venkatraopeta-Thalakondapally,16.82897858,78.4529829
Gattu Ippalapalle,16.79763901,78.44519107
Bommarasipalle,16.78204699,78.40229988
Ramreddipalle-Urkonda,16.76341286,78.39157909
Khanapur-Thalakondapally,16.855,78.464
Chinthalapally,16.84522933,78.49609096
Mgbs,17.37830099,78.4841655
Ashoka,17.28825457,78.77005489
Borollagudem,17.27289701,78.81794807
Yellagiri,17.2635002,78.83902788
Lakkaram,17.25620013,78.8885542
Lakkaram,17.25615819,78.88650533
Yellagiri,17.26323414,78.83861784
Borollagudem,17.27357061,78.815751
Ashoka,17.28819054,78.76999324
Patny,17.4431111,78.49888759
Paryatak Bhavan,17.43386555,78.45576704
Putlibowli,17.38194934,78.48180894
Narayanamma College,17.40992225,78.39821488
Indira Nagar- Gachibowli,17.44092329,78.36015969
Gulmohar Park Colony Bus Stop,17.47798674,78.31994098
Gulmohar Park Colony Bus Stop,17.47807053,78.3201636
Nampally Railway Station,17.39207631,78.47020536
Kachiguda Railway Station,17.3900836,78.4990874
Bandlaguda Bus Depot,17.365524,78.588888
Indu Aranya Pallavi,17.36652094,78.58266368
Mathuguda,17.36722919,78.57949491
Anand Nagar,17.36955636,78.57378256
Bandlaguda,17.37145045,78.56955914
Arunodaya Nagar Nagole,17.37345151,78.5630849
Sbi Colony,17.37215848,78.54343705
Commercial Tax Colony,17.37307287,78.54762456
Mohan Nagar,17.37390856,78.55013108
New Nagole,17.3750124,78.5534052
Nagole X Road,17.37648374,78.55879365
Arunodaya Nagar Nagole,17.37346944,78.56309362
Bandlaguda,17.37147347,78.56941338
Anand Nagar,17.36968565,78.57360806
Mathuguda,17.36746631,78.57917059
Indu Aranya Pallavi,17.36652093,78.58275019
Tatianaram 1,17.36697788,78.59792545
Kuntloor X Road,17.35418929,78.60818356
Gowrelly X Road,17.35889729,78.61868307
Mile Stone,17.37549074,78.63005161
Quthubullapur,17.37634314,78.63980677
Thimmaiguda,17.37454881,78.65299523
Gowrelly X Road,17.37439524,78.67129326
Gowrelly X Road,17.37424169,78.67143277
Thimmaiguda,17.37440541,78.65301237
Quthubullapur,17.37628444,78.63979603
Saibaba Mandir,17.37520916,78.63011598
Gowrelly X Road,17.35881274,78.61869246
Kuntloor X Road,17.354,78.608
Nagole X Road,17.37627432,78.55752837
Mohan Nagar,17.37381144,78.54994603
Commercial Tax Colony,17.37303319,78.54760846
Sbi Colony,17.37204264,78.54313463
Rk Nagar-Marripalle,17.372,78.605
Marripally,17.382,78.607
Rk Nagar-Marripalle,17.38123232,78.60660441
Tatianaram 1,17.367,78.598
New Nagole,17.37494492,78.55344219
Kamineni Hospital,17.35308214,78.55591534
Mansoorabad,17.35270953,78.56267385
South End Park,17.35691067,78.56649399
Gsi Gate,17.36439105,78.56999159
Gsi Gate,17.36615738,78.58379402
Mansoorabad,17.35267369,78.56267989
Mile Stone,17.3248711,78.57187986
Saheb Nagar Kalan,17.32167298,78.57598901
Saheb Nagar Kalan,17.32162112,78.57596755
Mile Stone,17.32493246,78.57177459
Birla Mandir,17.40603191,78.46715033
Secretariat Lic Building,17.407964,78.473153
Ganesh Temple-Vanastalipuram,17.331417,78.569354
Red Tank,17.32904981,78.56902399
Govt Hospital-Bn Reddy Nagar,17.32932637,78.56588513
Vaidehi Nagar,17.32107885,78.56955171
Shiva Sindhu Public School,17.32124534,78.57219636
Ig Mint,17.47164288,78.6038407
Sp Nagar Ecil,17.46535803,78.56242199
Moulali,17.46238604,78.56166601
Indiranagar Moulali,17.45772422,78.56499732
Vasundara - Hb Colony,17.4557463,78.56583684
Play Ground-Hb Clny,17.45229871,78.56551666
Carbide Bus Stop,17.45395687,78.56046472
Zts-Moulali,17.45551864,78.5554567
Industrial Estate,17.44814012,78.55092062
Lalapet,17.43735708,78.54413576
St.Anns-Tarnaka,17.43046699,78.53494819
Tarnaka,17.42754052,78.53203777
Tarnaka,17.4259403,78.53019029
Manikeshwari Nagar,17.420442,78.524697
Ladies Hostel-Osmania University,17.41373294,78.52157336
Adikmet,17.40783627,78.51360619
Vidyanagar,17.4045714,78.51052884
Nallakunta,17.39884685,78.50595551
Fever Hospital,17.39542547,78.502475
Koti Maternity Hospital,17.38550191,78.48705098
Chaderghat,17.38087829,78.49124187
Koti Maternity Hospital,17.38535101,78.48707117
Ramkoti,17.39048552,78.48614707
Tourist Hotel,17.38976435,78.49583114
Barkatpura Pf Office,17.393438,78.49768057
Shankar Mutt,17.40078772,78.50797242
Adikmet,17.40765711,78.51339698
Ladies Hostel-Osmania University,17.4140858,78.52156531
Manikeshwari Nagar,17.42071388,78.52467969
Tarnaka,17.42769648,78.53189483
St.Anns-Tarnaka,17.43108915,78.53529721
Lalapet,17.43753365,78.54404893
Industrial Estate,17.4482244,78.55075867
Zts,17.45586918,78.55626136
Carbide Bus Stop,17.45422137,78.56029809
Play Ground-Hb Clny,17.45316655,78.56579157
Vasundara - Hb Colony,17.45553406,78.56581272
Indiranagar Moulali,17.45797497,78.56483102
Moulali,17.46235278,78.561607
Sp Nagar,17.46569264,78.56232328
Tarnaka,17.426442,78.530393
Ecil X Road,17.47289,78.56992
Koti Medical College,17.38272995,78.48243355
Hayathnagar Bus Depot,17.32593581,78.59334811
Panama Godowns,17.33723288,78.56981725
Ymca Narayanaguda,17.394294,78.489862
Narayanaguda,17.39821025,78.49310338
Chikkadpally,17.40357228,78.49525184
Chikkadpally,17.40230127,78.49521916
Narayanaguda,17.39882325,78.4939523
Ymca Narayanaguda,17.39560472,78.49060084
Kachiguda X Roads,17.3926204,78.48956024
Badi Chowdi,17.38850118,78.4875492
Farooqnagar,17.32855307,78.46979499
Uppuguda,17.33379514,78.48107664
Chatrinaka,17.34333201,78.47802958
Vst Bus Stop,17.40391656,78.50480452
Shankar Mutt,17.400595,78.507909
Nimboliadda,17.38446684,78.49381652
Chatrinaka,17.34364301,78.47801713
Nallavagu,17.3338073,78.48111486
Chandrayangutta,17.32603613,78.47725689
Shiva Sindhu Public School,17.3212774,78.57226075
Nalgonda X Road,17.375414,78.49787772
Mile Stone,17.21178398,78.5286963
Kongara Kalan Village,17.1999111,78.5505107
Adibatla,17.2328613,78.54245333
Chanakyapuri Adibatla,17.24296126,78.53996079
Nadergul,17.2736464,78.53931785
Mvsr College,17.28208498,78.53733294
Sri Nilaya Township,17.29000373,78.53580956
Gandhi Nagar,17.294,78.535
Anjaneya Tower,17.29799902,78.53198469
Badangpet,17.3072385,78.52517188
Udyog Nagar,17.31271831,78.52294832
Lenin Nagar,17.31564768,78.5226385
Balapur X Road,17.31913287,78.51918385
Midhani Township,17.32383184,78.51524258
Dhatunagar Kanchanbagh,17.32509642,78.51409972
Drdo Township,17.32672059,78.51269971
Mall-Yacharam,16.96731099,78.72964002
Marriguda X Road Twd Mall Bus Station,16.97352603,78.73019993
Thammaloniguda X Road,16.98682316,78.71102482
Thakkellapalle,17.0020508,78.68999362
Chintapatla,17.00930698,78.6865738
Chinthapatla Thanda,17.01202318,78.68532657
Balagram,17.01823896,78.68151113
Yacharam-Yacharam,17.04231228,78.66428196
Chowderpalle-Yacharam,17.06998993,78.66562843
Gungal,17.10619336,78.66675764
Agapally-Ibrahimpatnam,17.13449538,78.67148906
Sagar Ring Road,17.34226774,78.54629159
Agapally-Ibrahimpatnam,17.13424419,78.67170095
Gungal,17.10551914,78.66675496
Chowderpalle-Yacharam,17.07,78.666
Yacharam-Yacharam,17.04245574,78.66444826
Balagram,17.01819921,78.68170023
Chinthapatla Thanda,17.01216176,78.68546602
Chintapatla,17.00934417,78.68668109
Thakkellapalle,17.00195716,78.69012773
Marriguda X Road Twd Hyderabad,16.97358246,78.72994781
Bairammalguda,17.34302942,78.54275108
Karmanghat,17.344272,78.532326
Green Park Conoly,17.34523194,78.52562847
Chadarghat Rose Bakery,17.37754626,78.49131167
Champapet,17.34856207,78.51571307
Green Park Conoly,17.34524739,78.52611685
Karmanghat,17.344441,78.532242
Bairammalguda,17.34316081,78.54312351
Kachiguda Depot,17.38640676,78.49822478
Post Office-Nacharam,17.42801034,78.56070041
Ts Food X Rd Chilukanagar,17.425,78.562
Chilkanagar,17.41905104,78.56528699
Chilkanagar,17.41919692,78.56505632
Ts Food X Rd Chilukanagar,17.425,78.562
Post Office-Nacharam,17.42779047,78.56065214
Chadarghat,17.38224338,78.49324957
Begum Bazar,17.3714052,78.46866457
Jummerath Bazar,17.370926,78.463016
Puranapool,17.36911162,78.45862628
Jiyaguda Hyd Bus Stop,17.36986162,78.44848316
Jiyaguda Hanuman Temple,17.37,78.442
Toli Masjid,17.37505941,78.43775064
Langar House Ring Road,17.37672073,78.42921317
Langar House Ring Road,17.37681096,78.42951693
Toli Masjid,17.3750799,78.43776807
Puranapool,17.369,78.459
New Maruti Nagar,17.37702151,78.54367912
Satya Nagar,17.38101487,78.54505777
Extension,17.32992007,78.40938089
Budwel,17.33083189,78.40673625
Kismatpur-Gandipet,17.3344343,78.39130261
Abhiyudaya Nagar,17.34724417,78.38084472
Langar House,17.374278,78.417719
Telephone Bhavan,17.40712214,78.46616059
Bible House,17.43000156,78.49251327
Kismatpur-Gandipet,17.33434477,78.39138869
Nayapul,17.371368,78.477861
Mother Dairy,17.33597317,78.61418903
Kuntloor,17.341,78.626
Kuntloor,17.34,78.626
Mother Dairy,17.33586561,78.61415416
Yadagiri Theater,17.34634261,78.50822563
Drdo Township,17.32689981,78.51278015
Dhatunagar Kanchanbagh,17.32513808,78.51431457
Midhani Township,17.32382672,78.51541423
Balapur X Rds,17.31913284,78.51961967
Lenin Nagar,17.31598202,78.52264655
Udyog Nagar,17.313,78.523
Gandhi Nagar Badangpet,17.2939886,78.53485468
Sri Nilaya Township,17.28903056,78.53620644
Mvsr College,17.28191583,78.5373973
Nadargul,17.274,78.539
Rice Mill,17.26706592,78.53929637
Chanakyapuri Adibatla,17.24283167,78.54000718
New Maruti Nagar,17.37708037,78.54368985
Maruti Nagar,17.37345312,78.54139386
Saroor Nagar,17.35470387,78.53200883
Kuntloor Harijanawad,17.35,78.625
Kuntlur Rajiv Gruhakalpa,17.356,78.636
Indukuri Apartments,17.34852012,78.64465171
Double Bedroom X Road,17.362313,78.65162
Thimmaiguda Double Bedroom,17.36518439,78.65056362
Kuntloor Harijanawad,17.35,78.625
Kuntloor Y Junction,17.34526195,78.63187283
Pasumamula,17.35079711,78.64895851
Pasumamula,17.35067413,78.64891292
Kuntloor Y Junction,17.34519544,78.63185138
Indukuri Apartments,17.34861549,78.64460477
Maruti Nagar,17.3737731,78.54133217
Amul Diary,17.3525026,78.66086584
Tharamathipet X Roads,17.3550674,78.67190748
Tharamathipet,17.35644489,78.6774087
Gowrelly,17.366,78.673
Bacharam X Rds,17.372,78.687
Bacharam,17.395,78.69
Bacharam X Rds,17.372,78.687
Gowrelly,17.367,78.673
Tharamathipet,17.35636668,78.67728263
Amul Diary,17.35255004,78.66069601
Mile Stone,17.35508788,78.67206574
Kachiguda Depot,17.38681039,78.49883625
Khairatabad Metro Station,17.41416544,78.45863971
Mythrivanam,17.44004554,78.44236414
Kukatpally Village,17.48385396,78.41241718
Nizampet X Road,17.498276,78.390314
Chanda Nagar,17.494893,78.323144
James Street,17.43550102,78.48843192
Paradise,17.44166021,78.48756194
Minerva,17.44102552,78.49307925
Laskarguda,17.298,78.691
Surmaiguda,17.29276953,78.69027257
Majeedpur,17.28769885,78.69373793
Anajpur,17.27014974,78.69371651
Majeedpur,17.28767832,78.69345897
Surmaiguda,17.29273906,78.69021892
Laskarguda,17.29693877,78.69102895
Anajpur Pati,17.26698556,78.69741864
Anajpur,17.27030891,78.69376752
Bheem Nagar Jiyaguda,17.369221,78.45413758
Bheem Nagar Jiyaguda,17.36926677,78.45402729
Minerva,17.44091556,78.49297731
Paradise,17.44113574,78.48784894
James Street,17.43562634,78.48857313
Thorrur X Road,17.32908054,78.59617397
Hayath Nagar Village,17.323,78.603
Munaganur X Roads,17.31609854,78.6019367
Munaganoor Hayathnagar,17.3011028,78.60900164
Thorrur-Hyd,17.289,78.613
Brahmanapally,17.2682374,78.61722227
Thorrur-Hyd,17.289,78.613
Munaganoor Hayathnagar,17.301,78.609
Munaganur X Roads,17.31638533,78.60159338
Hayath Nagar Village,17.323,78.602
Dommari Pochampally,17.59146155,78.41813897
Dundigal,17.60706823,78.41629464
Gandimaisamma,17.57506286,78.42333907
Bahadur Pally X Road,17.55997035,78.43108804
Suraram X Road,17.541284,78.433879
Sai Baba Nagar,17.535778,78.434947
Jeedimetla,17.52668,78.440339
Sub Station-Jeedimetla,17.522705,78.443744
Rythu Bazar,17.51763312,78.44675481
Shapur Nagar,17.51331291,78.44747633
Gajularam X Road,17.509412,78.448168
Quthubullapur X Road,17.49909562,78.45181346
Hmt,17.5028406,78.45047493
Chintal,17.495457,78.452336
Ganesh Nagar Chintal,17.491376,78.45136
Idpl Colony,17.487433,78.45032752
Idpl Water Tank,17.48115737,78.44912856
Balnagar,17.46697099,78.44626129
Balnagar,17.467078,78.445087
Prashanth Nagar Bus Station,17.47378188,78.4269762
Telangana High Court,17.36853816,78.47386658
Jahangir Nagar Colony,17.33978297,78.55693997
Mile Stone,17.33760669,78.55836958
Venkataramana Colony,17.3334836,78.55804562
Fci Colony,17.33254994,78.56157481
Lb Nagar,17.34370533,78.55552912
Saroor Nagar,17.35469939,78.53205241
Mile Stone,18.31318979,79.47100064
Jail Saidabad,17.3661,78.4973
Dabirpura Daewaza,17.3679,78.4856
Saraswathi Nagar,17.3583,78.5192
Mile Stone,17.35934636,78.51992758
Bairagiguda,17.37029937,78.37494135
Mettuguda,17.43659867,78.51987954
New Bridge,17.439543,78.525307
Mirjalguda,17.44225932,78.53248224
Sairam Theatre Malkajgiri,17.44617406,78.535548
Malkajgiri,17.45001225,78.5357143
Anutex,17.45029627,78.53239238
Vani Nagar Malkajgiri,17.452,78.533
Rk Nagar,17.45533455,78.5354769
Anand Bagh X Roads,17.45884993,78.53639959
Safilguda,17.46107348,78.53560556
Krupa Complex Bus Stop Hyd_D,17.46512564,78.53857554
Vinayak Nagar X Rd Safilguda,17.46927879,78.53903353
Neredmet,17.474,78.538
Vajpayee Nagar,17.47787006,78.53738129
Neredmet X Road,17.48219394,78.53728909
Vayupuri Sainikpuri,17.483529,78.544791
Sainikpuri,17.48371422,78.55002422
Sharada Theater,17.48160906,78.55461718
As Rao Nagar,17.479608,78.558052
Radhika,17.47750414,78.56307022
"Kamla Nagar, As Rao Nagar",17.47636821,78.56751591
City College,17.36789,78.467936
Police Quarters Puranapool,17.36724956,78.46295502
Puranapool,17.36491904,78.45708534
Bahadurpura,17.356,78.455
Zoo Park,17.35073566,78.45249742
Tadbund,17.34519987,78.45080764
Miralam Tank,17.34087499,78.45054088
Danamma Jhopdi,17.33674801,78.44937768
Hasan Nagar,17.33476408,78.44178468
Lb Nagar,17.34370533,78.55552912
Brilliant Engg College,17.30832443,78.70123209
Batasingaram Village,17.30168705,78.7264019
Netaji Institute Of Engineering And Technology,17.307,78.767
Narayanagiri  X Road,17.328,78.785
Jalalpur,17.332,78.801
Pochampally,17.34851364,78.82081295
Jalalpur-Narayanpet,16.722989,77.436724
Pochampally Model School,17.331,78.781
Nfc X Roads,17.44849446,78.57533866
Mile Stone,18.117315,78.035147
Play Ground-Hb Clny,17.45224607,78.56628015
Amberpet,17.39120989,78.51627231
Gayatri Nagar,17.33380198,78.53206515
Karmanghat,17.34516979,78.53189349
Mgbs,17.366,78.476
Revan Palle,17.357,78.831
Gouse Konda,17.375,78.834
Rajendranagar,17.32201353,78.4016937
Rajendranagar,17.32984325,78.40913414
Budvel,17.33311067,78.40949357
Chintalmet,17.35219033,78.42212078
Mm Pahadi,17.351,78.429
Pahadi 9 Number,17.35594296,78.43426108
Ram Bagh,17.36158516,78.43550552
Kishanbagh,17.35927874,78.44402432
Jalwa Hotel,17.35825344,78.4482944
Bahadurpura,17.35641337,78.45452282
Puranapool,17.36662429,78.4582169
Police Quarters Puranapool,17.36735047,78.46306801
City College,17.36805561,78.46814543
Jalwa Hotel,17.35819593,78.44830511
Kishanbagh,17.35907651,78.44310164
Ram Bagh,17.3615545,78.43581143
Chintalmet,17.35206961,78.42208862
Dairy Farm Upperpally,17.34501874,78.41561235
Gouse Konda,17.375,78.834
Revan Palle,17.357,78.831
Jalalpur,17.33199433,78.80100858
Narayanagiri  X Road,17.327863,78.78502295
Netaji Institute Of Engineering And Technology,17.30672114,78.76707898
Bata Singaram,17.30158969,78.72656282
Brilliant Engg College,17.308,78.701
Sahara Estate,17.34784316,78.56923959
Ramanthapur Tv Studio,17.39656449,78.52994621
Police Line-Amberpet,17.38641187,78.51667329
Raithu Bazar-Vsp,17.3303,78.5755
Moghal College,17.31442381,78.46194028
Jayashankar Agriculture University,17.31981404,78.41827244
Budwel,17.33075764,78.40723526
Moghal College,17.31457241,78.46201927
Nppti,17.3368078,78.41185927
Ag College,17.31456034,78.42469833
Police Line-Amberpet,17.38664349,78.5165593
Mamatha Nagar,17.38039016,78.55801687
Sujata Hotel,17.3743591,78.5605029
Sai Nagar,17.36703452,78.56199726
Ramkrishnapuram,17.36800403,78.54993504
Vivekananda Nagar,17.36318534,78.53058726
Koti,17.38467001,78.48439474
Nagarjuna Circle,17.42710469,78.44481289
Tv9 Office,17.42685389,78.4397167
Lv Prasad Eye Hospital,17.4235,78.4274
Annapurna Studio,17.42347815,78.4249565
Jubilee Hills Checkpost,17.42761122,78.4141981
Ushakiran Movies,17.4299656,78.4108776
Peddamma Temple,17.43178261,78.406865
Kondapur,17.464,78.367
Cr Foundation Rd,17.473514,78.364022
Hafeezpet,17.47829446,78.36174511
Allwyn X Road,17.49196355,78.35304111
Hafeezpet,17.47951248,78.36128353
Cr Foundation Rd,17.473431,78.364314
Peddamma Temple,17.43159835,78.40720026
Ushakiran Movies,17.43016546,78.41104924
Jubilee Hills Checkpost,17.42771378,78.41647799
Jubilee Hills Checkpost,17.42613545,78.41828141
Annapurna Studio,17.42368171,78.42489614
Lv Prasad Eye Hospital,17.424,78.428
Tv9 Office,17.42656733,78.43837021
Nagarjuna Circle,17.42725313,78.44500623
Suraram Clny,17.54025678,78.43840113
Jambagh,17.383115,78.478306
Maithrivanam,17.43704545,78.44278514
State Home,17.43644515,78.43953699
Yousufguda Basti,17.43648866,78.43367367
Yousufguda Check Post,17.43645972,78.42808905
Rahamath Nagar Yusufgudda,17.43998191,78.42403248
Karmika-Nagar,17.44450697,78.42415586
Sri Ram Nagar Yusufguda,17.44926892,78.42294484
Kalyan Nagar,17.45079811,78.42282079
Mothinagar X Road,17.45409536,78.42225954
Borabanda,17.45417276,78.41627687
Mothinagar X Road,17.45428918,78.42231687
Sri Ram Nagar Yusufguda,17.4492677,78.42296366
Rahamath Nagar Yusufgudda,17.43989714,78.4241116
Yousufguda Check Post,17.43740634,78.42825729
Yousufguda Basti,17.43678,78.432168
Bright School,17.4339399,78.43664255
Srinagar Colony,17.43023175,78.43897372
Shanti Nagar-Pedda Amberpet,17.32463809,78.65205914
Mile Stone,17.43939323,78.31485994
Tellapur,17.46267772,78.28747988
Osman Nagar,17.44185474,78.272084
Kollur Double Bed Room,17.43432886,78.25696036
Darga,17.41549151,78.39420498
Almas Hotel,17.4328984,78.32119631
City Civil Court,17.36806393,78.47981304
Upparpally,17.35904509,78.42081929
Hyderguda,17.36347971,78.42355011
Huda Colony,17.36240047,78.43328894
Gowlipura,17.3488925,78.47876129
Railway Bridge Twd Lalitabagh,17.34534146,78.48695512
Care Hospital-Gachibowli,17.43092017,78.3723289
Aramghar,17.32219789,78.43161371
Sathamrai,17.27480234,78.40089024
Gagan Pahad,17.2929198,78.41715912
Saidabad Police Station,17.36377663,78.50250721
Sbi Colony Twd Saidabadcolony,17.361258,78.513002
Saidabad Colony,17.358963,78.509521
Medipally,17.41003475,78.60356212
Uppal Depot,17.40539205,78.58949527
Ramanthapur,17.39721716,78.53158236
Tilak Nagar,17.39411245,78.50860927
Barkatpura,17.395,78.498
Narayanaguda,17.40025784,78.49007115
Himayath Nagar,17.4024756,78.4832798
In Bar,17.4052257,78.48002493
Liberty,17.40641195,78.47793146
In Bar,17.40534631,78.48002762
Himayath Nagar,17.40338295,78.48251937
Narayanaguda,17.40017465,78.49059686
Ali Cafe,17.38251985,78.51804794
Boduppal Kaman,17.404896,78.587278
Uppal Depot,17.40545704,78.58914996
Medipally,17.41,78.603
Sriram Colony,17.29309494,78.4418115
Madhuban Colony Laxmiguda,17.30100554,78.43725984
Kedia Biscuit Factory,17.30785306,78.43231916
Katedan,17.31212018,78.43849892
Aramghar,17.32265368,78.43287438
National Police Academy,17.33250641,78.4391132
Hasan Nagar,17.3348703,78.44177931
Danamma Jhopdi,17.33688596,78.44939075
Miralam Tank,17.3409684,78.45040806
Tadbund,17.34529812,78.45073521
Zoo Park,17.352375,78.45267
Durga Nagar-Aramghar,17.31401416,78.44341546
Katedan,17.31190412,78.43841318
Ambedkar Nagar,17.269147,78.544883
Yadagiri Theater,17.34678259,78.50819345
Rice Mill,17.26709153,78.53919981
Mile Stone,17.23983842,78.57222169
Kaman Twd Sai Balaji Homes,17.30598458,78.51607755
Srisai Balaji Homes,17.29985,78.51558
Kaman Twd Badangpet,17.30611176,78.51615428
Ramdev Guda,17.37543495,78.39647448
Golconda Fort Bus Station,17.38525366,78.40313673
Kongara Kalan Village,17.19993927,78.55056441
Wonderla,17.21253235,78.52659347
Wonderla,17.21685092,78.52769767
Rr Collectorate,17.18935934,78.53086987
Kurmalguda-Nadargul,17.26719405,78.51905912
Mile Stone,17.272,78.508
Kurmalguda-Nadargul,17.26720423,78.51915032
Sardar Nagar,17.2318726,78.47358227
Bjp Quarters,17.32577368,78.51969615
Bjp Quarters,17.32578483,78.51986913
Pahadi Shareef,17.2717018,78.47342939
Sachivalaya Nagar,17.32890131,78.57178532
Kendriya Vidyalaya-Odf,17.49482615,78.13433111
Ordinance Factory,17.50680292,78.13607991
Ordinance Factory,17.50702942,78.1363602
Kendriya Vidyalaya-Odf,17.49440164,78.13440621
Hyder Nagar,17.49954,78.383844
Mangalpalle-Ibrahimpatnam,17.20893515,78.59507024
Mile Stone,17.18676113,78.64904165
Times School Twd Sharadadhamam,17.34149923,78.39221233
Sharadadamam,17.34540789,78.39179367
Bandlaguda Jagir,17.35122461,78.38988122
Shanthi Nagar Bandlaguda Jagir,17.36326852,78.39085624
Hydershakoti,17.36868661,78.39505792
Hydershakoti,17.36872779,78.39324211
Shanthi Nagar Bandlaguda Jagir,17.36323402,78.39087367
Bandlaguda Jagir,17.351,78.39
Sharadadamam,17.34543605,78.39183391
Mile Stone,17.34149389,78.39223757
Boats Club,17.428567,78.488812
Karmika-Nagar,17.44425993,78.42411296
Kalyan Nagar,17.4510559,78.42287511
Gunthapalle,17.282,78.705
Avanthi Engg Clg,17.28233601,78.70823001
Mazidpur Village,17.28155748,78.7128353
Mile Stone,17.26840805,78.72178315
Narrepalle,17.25999149,78.73468995
Dandumailaram,17.23092463,78.76094207
Dandumailaram,17.23100148,78.76091393
Narrepalle,17.25978173,78.73451824
Kuberapuri Twd Abdullapur Mettu,17.26833633,78.72156858
Mazidpur Hayathnagar,17.28149083,78.71279775
Avanthi Engg Clg,17.28243004,78.70812735
Gunthapalle,17.282,78.705
Errakunta Hyd Bus Stop,17.30363354,78.47462497
Pahadi Shareef,17.27241222,78.47312726
Omer Colony,17.26913802,78.46621424
Mamidipally,17.24935075,78.45098735
Sri Sai Dharmagiri Kshetram,17.25924602,78.41821343
Rgi Airport,17.24078484,78.42925069
Chintapatla,17.00951217,78.68664891
Thammaloniguda X Road,16.98679494,78.711171
Mall Bs,16.96738443,78.72971714
Mile Stone,17.18077,78.6518687
Cherlapatelguda X Road,17.1804832,78.63693953
Rajamahendra College,17.17495816,78.63586663
Cherlapatelguda,17.16795186,78.6338228
Karnamguda,17.17527591,78.62324939
Pocharam-Ibrahimpatnam,17.17801276,78.60051513
Metilla,17.164,78.594
Yeliminedu,17.14404032,78.59487174
Timmapur X Roads,17.143,78.589
Madhapur-Kandukur,17.12817964,78.58152509
Middle Tank Band,17.42345795,78.48591775
Shamshabad,17.26204565,78.38824242
Sri Sai Dharmagiri Kshetram,17.25931006,78.41830194
Mamidipally,17.25,78.451
Pahadi Shareef,17.27239468,78.47308739
Middle Tank Band,17.42226794,78.48501921
Shamshabad,17.26165632,78.38798761
Kishanguda,17.25431025,78.38055784
Gandiguda,17.23030731,78.35262261
Gansimiya-Guda,17.22581374,78.34732537
Peddashapur,17.217,78.341
Madanpally,17.19884808,78.322419
Palmakole,17.18551835,78.30608233
Thimmapur-Kothur,17.1678494,78.29838582
Kothur-Shadnagar,17.14739276,78.28882635
Natco,17.13598713,78.28579272
Rangapur-Kothur,17.12093577,78.29180087
Mekaguda-Kothur,17.10782758,78.29502251
Satyahousing-Kothur,17.10287356,78.29603076
Inmul Narwa,17.08408652,78.29927897
Jp Dargha,17.0683233,78.30250022
Madhapur-Kandukur,17.12833343,78.5814017
Timmapur X Roads,17.14288954,78.58937323
Yeliminedu,17.14406083,78.59475373
Metilla,17.16403602,78.59383107
Uppariguda-Ibrahimpatnam,17.19038438,78.61372769
Pocharam-Ibrahimpatnam,17.17814601,78.60064387
Mile Stone,17.14668024,78.59807431
Jabbarguda,17.14799762,78.58390687
Timmapur-Kandukur,17.13047124,78.55772853
Begumpet-Kandukur,17.10805192,78.55358183
Timmapur-Kandukur,17.13007668,78.55670393
Jp Dargha,17.0676464,78.30214351
Inmul Narwa,17.08429414,78.29920922
Satyahousing-Kothur,17.10298377,78.29595298
Mekaguda-Kothur,17.10773406,78.29480772
Rangapur-Kothur,17.12100761,78.29173396
Natco,17.13601532,78.28570151
Kothur-Shadnagar,17.15,78.29
Thimmapur-Kothur,17.16800056,78.29830131
Palmakole,17.18557345,78.30595756
Madanpally,17.19896062,78.32239419
Peddashapur,17.219,78.342
Gansimiya-Guda,17.22592645,78.34713223
Gandiguda,17.23,78.352
Kishanguda,17.25307542,78.3790344
Afzalgunj,17.374,78.476
Abdullahpur Village,17.32044605,78.69236447
Kawadipalle,17.33459559,78.69735896
Taramathi X Road,17.34376682,78.69695668
Saddu Pally Village,17.37012533,78.69874299
Bandaraviryal,17.38886655,78.71834323
Chinna Ravirala,17.38317069,78.72472018
Guvvaleti X Roads,17.3773594,78.73352587
Pillai Palle,17.37517593,78.73866499
Jagathpally X Roads,17.36957748,78.75455975
Jagatthpalle,17.35791935,78.7652457
Peddagudem-Pochampally,17.38043113,78.76934409
Julur Temple,17.38900351,78.78408283
Alinagar Juloor,17.38354889,78.78027675
Peddagudem-Pochampally,17.380528,78.76944071
Jagatthpalle,17.35810616,78.76537433
Jagathpally X Roads,17.36967507,78.75441894
Pillai Palle,17.3751298,78.73859793
Guvvaleti X Roads,17.3773594,78.73335958
Bandaraviryal,17.38885766,78.71840358
Saddu Pally Village,17.37015601,78.69888782
Taramathi X Road,17.34381802,78.69721416
Kawadipalle,17.33458558,78.69728118
Abdullapurmet,17.32039503,78.69253646
Jnnurm Colony,17.31875391,78.67620036
Jnnurm Colony,17.322,78.678
Tarnaka,17.424928,78.535651
Koheda Village,17.28180832,78.63586664
Koheda Village,17.28178271,78.63578081
Thorrur X Road,17.3283841,78.59663129
Langar House,17.374015,78.417593
Mangalpalle-Ibrahimpatnam,17.209,78.595
Saheb Guda X Roads,17.20640375,78.57445478
Saheb Guda X Roads,17.20650624,78.57449232
Turkaguda-Ibrahimpatnam,17.153,78.619
Kappapahad,17.142,78.616
Kappapahad,17.142,78.616
Turkaguda-Ibrahimpatnam,17.15288259,78.61898482
Rajamahendra College,17.17507091,78.63560916
Cherlapatelguda X Road,17.18056761,78.63688588
Y M Thanda Twd Kothapet,17.05362543,78.30508594
Enugu Tanda,17.04561668,78.3164009
Siddapur-Kothur,17.05603106,78.351928
Enugu Tanda,17.04529634,78.31639946
Y M Thanda Twd Afzalgunj,17.05348442,78.30502951
Shaheen Nagar,17.29593044,78.47764079
Shaheen Nagar,17.29589459,78.47784564
Errakunta Hyd Bus Stop,17.30364282,78.47455326
Pigilipur,17.31549436,78.74361635
Pedda Amberpet Checkpost,17.32004189,78.64167363
Gandicheruvu X Rds,17.30956125,78.64757449
Upparguda,17.29461364,78.64834427
Koheda Fruit Market,17.28019138,78.65167652
Umar Khan Guda,17.27214782,78.66941572
Sanghi Temple (Sanghi Nagar),17.27070297,78.67703051
Anajpur X Road,17.27149184,78.68693591
Anajpur X Road,17.27127669,78.68703246
Sanghi Temple (Sanghi Nagar),17.27067734,78.67718339
Umar Khan Guda,17.27203483,78.66927087
Koheda Fruit Market,17.27983112,78.65154148
Upparguda,17.29462645,78.64826381
Gandicheruvu X Rds,17.309551,78.64753694
Pedda Amberpet,17.32,78.638
Koheda X Road-Thorrur,17.28293267,78.64219112
Vinobha Nagar,17.20651136,78.66754353
National Security Guard (Nsg),17.21197126,78.67485791
Naganpalle-Ibrahimpatnam,17.21677767,78.68929356
Zphs Nagan Pally,17.216,78.694
Polkampally-Ibrahimpatnam,17.223,78.708
Manyaguda-Ibrahimpatnam,17.22417409,78.71634364
Polkampally-Ibrahimpatnam,17.22298279,78.70811731
National Security Guard (Nsg),17.21210192,78.67506981
Vinobha Nagar,17.206373,78.66740942
Raipole-Ibp,17.204,78.715
Thallapalliguda-Manchal,17.187,78.737
Muknoor-Ibrahimpatnam,17.2060143,78.75105545
Gold Coast,17.26308045,78.76202701
Mukthapur,17.35866312,78.80922318
Juloor,17.38607274,78.78483656
Rudra Velly Bibinagar,17.409,78.786
Raghavapur-Bibinagar,17.42231401,78.7907213
Raheem Khan Guda,17.45080546,78.7946266
Bibinagar X Road,17.47241547,78.79086882
Gudur Toll,17.4855961,78.82136823
Pagidipally,17.49398901,78.83590713
Anantharam (Bngr),17.49826668,78.84167258
Bhuvanagiri Bs,17.5162314,78.88670419
Raigiri X Road,17.53940909,78.94088745
Raigiri Railway Station,17.548,78.938
Yadagirigutta Bs,17.583,78.946
Yadagirigutta New Bs,17.59718431,78.9426738
Gadda Mallaiguda,17.098,78.686
Rangapur-Manchal,17.09070374,78.71402889
Bugga Tanda X Road,17.07759473,78.74257559
Yellamma Thanda-Manchal,17.06954379,78.75257492
Bodakonda Penikarla,17.06130795,78.77688649
Kurravni Thanda,17.06028219,78.79199268
Sathi Thanda-Manchal,17.05596149,78.80198658
Amboth Thanda,17.05022507,78.8161808
Loyapalle-Manchal,17.04085493,78.83094907
Khudabaksh Palle,17.031,78.838
Elgapally X Roads,17.02489315,78.83717194
Shivanaguda-Marriguda,17.00346688,78.88718689
Elgapally X Roads,17.02477517,78.83709668
Khudabaksh Palle,17.031,78.838
Loyapalle-Manchal,17.04066003,78.83097053
Amboth Thanda,17.05026608,78.81598771
Sathi Thanda-Manchal,17.05591277,78.80221188
Kurravni Thanda,17.06006167,78.79215359
Bodakonda Penikarla,17.06124377,78.77688912
Yellamma Thanda-Manchal,17.06933866,78.75262856
Bugga Tanda X Road,17.07751272,78.74244687
Rangapur-Manchal,17.09077809,78.7139833
Gadda Mallaiguda,17.098,78.686
Sarampet-Marriguda,16.99332452,78.89858902
Indurthi-Marriguda,17.00510486,78.90577857
Kottala-Marriguda,17.01491577,78.91901683
Namapur-Marriguda,17.024496,78.927929
Kottala-Marriguda,17.01531925,78.91992949
Indurthi-Marriguda,17.00509027,78.90587391
Sarampet-Marriguda,16.98998468,78.89451202
Ibp Manchal Road,17.19313255,78.64666656
Arkedia,17.17681342,78.66606296
Seetharampet-Ibrahimpatnam,17.17119622,78.67718339
Nomula-Manchal,17.16725994,78.68915141
Lingampalle-Manchal,17.1656198,78.70117844
Manchal,17.16094532,78.72066737
Mro Office Manchal,17.16,78.727
Chandkhanguda,17.13331129,78.72980297
Arutla-Manchal,17.134,78.759
Mro Office Manchal,17.15991251,78.7270537
Manchal,17.16078642,78.72062445
Lingampalle-Manchal,17.16544041,78.70147884
Nomula-Manchal,17.16724969,78.6890763
Seetharampet-Ibrahimpatnam,17.171,78.677
Arkedia,17.17677241,78.66589663
Mile Stone,17.18891869,78.59758615
Jabbarguda,17.15192406,78.59256507
Jabbarguda,17.15173952,78.59267235
Mile Stone,17.18889837,78.5974999
Pethulla,17.101,78.627
Darmannaguda-Yacharam,17.08641964,78.62611413
Tulekhurd/Chinthulla-Yacharam,17.0834507,78.61334681
Konala Gudem-Kandukur,17.09988948,78.59621286
Konala Gudem-Kandukur,17.10401177,78.59059108
Gummadavalle-Kandukur,17.09422894,78.57980843
Akulamailavaram,17.066,78.574
Akulamailavaram,17.06613492,78.57397601
Gummadavalle-Kandukur,17.09429044,78.58010084
Konala Gudem-Kandukur,17.09988179,78.59591782
Tulekhurd/Chinthulla-Yacharam,17.08345583,78.61323416
Pethulla,17.10123795,78.62703681
Nfc North Gate,17.45714985,78.57893407
Esi Hospital Nacharam,17.43082557,78.55339944
Palgutta-Chevella,17.288,78.174
Kandawada,17.27697542,78.17609846
Deshmukhi,17.33423261,78.73105287
Deshmukhi,17.33404818,78.73090267
Yenkepalle X Roads,17.33737627,78.31339538
Yenkepalle-Moinabad,17.324,78.312
Bakaram Jagir-Moinabad,17.2897911,78.31309365
Bakaram Jagir-Moinabad,17.28976293,78.31295817
Yenkepalle-Moinabad,17.32408248,78.31170022
Shamagadda,17.13767367,78.52007568
Lemoor,17.13828561,78.51529665
Agarmiyaguda,17.14673663,78.52731228
Karnamguda,17.17533742,78.62307788
Cherlapatelguda,17.16797236,78.63368332
Malkeezguda-Yacharam,17.01604608,78.6569944
Nakkarta Medipally,17.00094793,78.64761467
Nanaknagar-Yacharam,16.992,78.626
Pilli Pally-Yacharam,17.0051903,78.6041522
Thatiparthy-Yacharam,17.003,78.597
Pilli Pally-Yacharam,17.005,78.604
Nanaknagar-Yacharam,16.99211379,78.6262536
Nakkarta Medipally,17.00149289,78.64751869
Malkeezguda-Yacharam,17.01610638,78.65702123
Nandiwanaparthy-Yacharam,17.04598376,78.63464355
Ayyavariguda-Yacharam,17.04924569,78.61525639
Nazdik Singaram-Yacharam,17.04007533,78.60774636
Meerkhanpet,17.046,78.573
Peddamma Gudi-Kandukur,17.05004056,78.54878336
Begarikancha X Roads,17.05069979,78.54100764
Sarvaravulapalle X Road-Kandukur,17.05092012,78.53900135
Ntr Thanda-Kandukur,17.053,78.517
Debbadaguda,17.04691463,78.49540487
Kandukur (Klky),17.06363632,78.48701416
Kandukur X Roads,17.073,78.474
Kandukur (Klky),17.06392322,78.48704697
Ntr Thanda-Kandukur,17.0531126,78.5171628
Thimmaipally,17.06533864,78.51792309
Begarikancha X Roads,17.051,78.541
Peddamma Gudi-Kandukur,17.05,78.549
Meerkhanpet,17.04627097,78.57309222
Nazdik Singaram-Yacharam,17.03994198,78.60768735
Ayyavariguda-Yacharam,17.04936625,78.61517591
Nandiwanaparthy-Yacharam,17.046,78.635
Chennareddyguda,17.10345888,78.77543632
Chennareddyguda,17.09341343,78.77676845
Bandalemoor,17.09130622,78.79529986
Ajjina Thanda,17.08088419,78.79865797
Bandalemoor,17.09127553,78.79516843
Chennareddyguda,17.10335292,78.7753576
Bugga Tanda,17.10327354,78.7430048
Asmatpur-Manchal,17.12510403,78.72614983
Japala,17.121,78.719
Mile Stone,17.13365466,78.72033478
Narsimhathota,17.24807016,78.38194996
Kothaguda,17.22199632,78.38916242
Chinna Golconda,17.20902995,78.38987053
Shankarapur,17.20733638,78.37739825
Kothaguda,17.222,78.389
Konala Gudem-Kandukur,17.10428358,78.59049986
Darmannaguda-Yacharam,17.086,78.626
Darmannaguda-Yacharam,17.08374555,78.6178422
Kothur Thanda,17.13880651,78.29589129
Company Twd Penjarla,17.12809888,78.30522542
Kodicherla,17.09321636,78.3311433
Penjerla,17.10982715,78.32148895
Mile Stone,17.0774922,78.30714553
Kodicherla,17.09428402,78.33203429
Kothur Thanda,17.13882189,78.29579473
Pedda Mangalaram,17.33719197,78.26080263
Veerannapet-Moinabad,17.37414688,78.23004708
Yelkaguda Village,17.35120545,78.22737627
Seetarampur Twd Shadnagar,17.2117586,78.13341647
Malreddyguda,17.190615,78.1348595
Sankepallyguda,17.1751124,78.1355228
Shabad Bus Stop,17.16012522,78.13313484
Sankepallyguda,17.1749007,78.1353653
Malreddyguda,17.19044204,78.13474819
Seetarampur Twd Chvella,17.21160616,78.13331455
Nagarguda,17.23401032,78.13640848
Rudraram-Shabad,17.23547165,78.15806866
Chandanvelly,17.229,78.17
Hayathabad,17.225,78.2
Maddur,17.217,78.226
Ramanujapur-Shamshabad,17.2326893,78.2465601
Venkatapur-Moinabad,17.24707629,78.25371633
Kavelliguda,17.24767229,78.25685642
Malkaram,17.251,78.276
Rayannaguda,17.25271169,78.29020499
Kacharam,17.252,78.295
Vardhaman Clg,17.25441254,78.30789686
Sultanpally X Roads,17.25649246,78.31943031
Narkhoda,17.258,78.335
Oasis School Of Excellence,17.26218909,78.35264683
Doddi,17.26368476,78.3680749
Rallaguda,17.26503477,78.3742091
Quthbuddinguda,17.36314183,78.23972583
Chandanagar-Moinabad,17.36647232,78.25909405
Pedda Mangalaram,17.33727649,78.26081872
Quthbuddinguda,17.36318792,78.23977143
Mile Stone,17.4390242,78.12619267
Chandippa,17.44266075,78.12245696
Yelwarthy,17.42745784,78.14431429
Kojjagudem-Shankarpally,17.42692043,78.15066576
Tangutoor-Shankarpally,17.41231769,78.17895021
Proddutur-Shankarpally,17.40242313,78.20124417
Bhongirpalle,17.17895575,78.14993084
Nagarkunta,17.1879693,78.16599995
Machanpalle-Shabad,17.2039389,78.17407072
Anthireddyguda,17.20390814,78.17489684
Lingareddy Guda-Shabad,17.18973854,78.19360257
Nandar Khan Pet,17.19498637,78.19405585
Peddaved-Shabad,17.20790513,78.1955713
Peddaved-Shabad,17.208,78.195
Nandar Khan Pet,17.195,78.194
Lingareddy Guda-Shabad,17.19,78.194
Anthireddyguda,17.204,78.175
Machanpalle-Shabad,17.204,78.174
Nagarkunta,17.188,78.166
Daivaguda,17.186,78.164
Bhongirpalle,17.179,78.15
Jaibheem Colony Shabad Twd Shabad,17.164,78.136
Malkapur,17.313,78.172
Malkapur,17.323,78.173
Nanal Nagar,17.39281106,78.42686861
Gudi Malkapur Market,17.38456762,78.43395263
Proddutur-Shankarpally,17.40233611,78.20112884
Kojjagudem-Shankarpally,17.4268411,78.1505692
Yelwarthy,17.42733501,78.1442821
Mile Stone,17.43890079,78.12607755
Chandippa,17.44261213,78.12227727
Bolligutta Thanda,17.0404332,78.63024473
Chintapallyguda,17.22246776,78.60847056
Malisettiguda-Ibrahimpatnam,17.22416512,78.61869514
Ramdaspalle-Ibrahimpatnam,17.2350075,78.62999193
Mile Stone,17.24878666,78.62663208
Mile Stone,17.25832093,78.62287875
Mile Stone,17.25825219,78.62291693
Mile Stone,17.24887192,78.62662375
Ramdaspalle-Ibrahimpatnam,17.23498188,78.63000669
Malisettiguda-Ibrahimpatnam,17.22398963,78.61877025
Chintapallyguda,17.22243211,78.6084947
Damergidda,17.3224337,78.10583002
Mirjaguda-Chevella,17.30363034,78.08298892
Khanapur Chevella,17.30296453,78.0622226
Alur X Road,17.30940107,78.05457495
Aloor-1-Chevella,17.32934938,78.06731075
Tallaram X Roads,17.36043341,78.07546467
Tallaram,17.35935863,78.06116549
Tallaram X Roads,17.36052018,78.07568461
Duddagu,17.36140096,78.08329136
Tallaram X Roads,17.36046594,78.07570338
Aloor-1-Chevella,17.32918306,78.0673483
Alur X Road,17.30926665,78.05464263
Khanapur Chevella,17.30306974,78.06216894
Mirjaguda-Chevella,17.30367769,78.08293462
Damergidda,17.32335033,78.10658612
Mehdipatnam,17.39523254,78.43918787
Jail Garden,17.37731076,78.49377126
Chukkapur,16.88053407,78.46419184
Talakondapalle,16.88692737,78.41794791
Chandradana,16.8541471,78.38835709
Veljala,16.81999589,78.36293377
Vemula,16.78404997,78.33962203
Midjil,16.74509601,78.32311573
Lingam Pally X Roads,17.19196281,78.67513421
Mile Stone,17.19665873,78.68611703
Tallapalli Guda X Road,17.20297041,78.73411596
Muknoor-Ibrahimpatnam,17.20607067,78.7510246
Tallapalli Guda X Road,17.203,78.734
Raipole-Ibp,17.204,78.715
Mile Stone,17.19650839,78.68618488
Lingam Pally X Roads,17.19173732,78.67522532
Patelguda-Ibrahimpatnam,17.21536599,78.58591855
Thakkellapalle,16.99459423,78.67902875
Kothapalle-Yacharam,16.97290517,78.68012844
Kothapalle-Yacharam,16.97306556,78.68009491
Thakkellapalle,16.99459809,78.67903814
Bashamoniguda,17.07188216,78.59418515
Malagudem,17.0667592,78.58587563
Kurmidda-Yacharam,17.03206886,78.57425898
Kurmidda-Yacharam,17.03200225,78.57420131
Bashamoniguda,17.072,78.594
Mile Stone,17.06548068,78.29887309
Kongaguda Tanda,17.04548097,78.30237682
Sangam-Keshampeta,17.02787323,78.30209254
Puttoniguda,17.01427266,78.30239162
Dattaipalle-Keshampeta,17.00433211,78.3033998
Vemulanarva-Keshampet,16.97947244,78.31276775
Chintakuntapalle-Keshampeta,16.95907732,78.30903143
Mile Stone,16.943,78.314
Kondareddipally-Keshampeta,16.93148258,78.29020768
Mile Stone,16.91325579,78.2830596
Pedda Revalle,16.91,78.263
Modampalle,16.90050667,78.26209545
Chinna Revalli,16.89367977,78.2740581
Sangam-Keshampeta,17.02786817,78.30192627
Nallavelly-Yacharam,16.99951913,78.73191925
Mile Stone,17.03191505,78.74157786
Venkateshwara Tanda,17.04078451,78.73799446
Dadpalle,17.054,78.724
Mandigowrelly-Yacharam,17.03725443,78.70221108
Kgbv School-Yacharam,17.038,78.682
Tirugundla Pally-Marriguda,16.96444963,78.77377903
Yergandla Palle-Marriguda,16.95877958,78.82008612
Konduru-Veepanagandla,16.09897426,78.22096109
Marriguda-Mall,16.9409962,78.8584355
Vattipalle,16.94284681,78.87439012
Damera Bhemanapally-Marriguda,16.95210395,78.92927889
Neralla Palli-Nampally,16.94200523,78.99210691
Thummalapalle-Chandur,16.95015404,79.00764227
Bangarigadda-Chandur,16.98494927,79.01903363
Angadipeta,16.98364871,79.03501958
Chandur-Nalgonda,16.9806076,79.06269327
Polkangutta Thanda,17.03640045,78.32238615
Eklaskhampeta,17.01767609,78.33545388
Alwal X Roads-Keshampeta,16.99995004,78.34556043
Kothapeta,16.98555401,78.36735539
Patigadda-Keshampeta,16.97386462,78.36117625
Keshampeta-Keshampet,16.95296604,78.34731714
Ms Twd Chowlapalle,16.951,78.367
Chowlapalle East,16.9512393,78.3896267
Keshampeta,16.95289421,78.34810348
Kothapeta,16.98551875,78.3673132
Alwal-Keshampeta,16.99135193,78.34424346
Alwal X Roads-Keshampeta,16.99991416,78.34550677
Eklaskhampeta,17.01756327,78.33536
Kothapeta-Keshampeta,16.98606501,78.36649221
Ms Twd Afzalgunj,16.95096863,78.36707845
Patigadda-Keshampeta,16.97480037,78.3475969
Janwada X Road,17.4126205,78.26683414
Janwada-Shankarpally,17.40180629,78.25837519
Maharajpet Village,17.40596023,78.22514266
Gopularam,17.40224148,78.22109254
Jalalmiyapally,17.075,78.709
Cheeded,17.06990529,78.71521175
Gopularam,17.40220564,78.22101474
Maharajpet Village,17.40598071,78.22508633
Cheeded,17.06977993,78.71516883
Bongloor Village,17.2307481,78.57889116
Bongloor Model School,17.23540534,78.57179403
Janwada-Shankarpally,17.40193682,78.25836713
Kanakamamidi,17.30495942,78.24740758
Kanchemanguda,17.28473814,78.24148536
Chakaliguda X Road,17.26899651,78.24098915
Venkatapur-Moinabad,17.25094935,78.24662447
Chakaliguda-Moinabad,17.266615,78.23548257
Chakaliguda X Road,17.26907401,78.24099183
Kanchemanguda,17.28479586,78.24145988
Kanakamamidi,17.30505164,78.24732185
Polepalle Ramnagar,16.95348428,78.72608542
Madnapur-Chintapally,16.92638011,78.73161882
Kurmed Gate,16.89113,78.753828
Kurmed,16.88071861,78.74765307
New Bhramanapalle-Madgul,16.83475821,78.73048425
Old Brahmanapalle-Madgul,16.83232125,78.72615245
Irvin,16.79055959,78.70550212
Girikothapalle,16.76729081,78.70951473
Agraharam Thanda,16.749544,78.70984735
Ramadugula Madgul,16.76008183,78.70659104
Sirsinagandla Gutta-Vangoor,16.73400437,78.71430246
Sirsangandla-Vangoor,16.73021825,78.74705495
Charakonda,16.691725,78.707016
Charakonda,16.691765,78.706886
Sirsangandla-Vangoor,16.73018485,78.74710592
Sirsinagandla Gutta-Vangoor,16.73415849,78.71421397
Agraharam Thanda,16.74948253,78.70988489
Ramadugula Madgul,16.7601229,78.70658442
Girikothapalle,16.7671624,78.70938062
Irvin,16.79059041,78.70563493
Old Brahmanapalle-Madgul,16.83227943,78.72637424
New Bhramanapalle-Madgul,16.83402081,78.73485896
Kurmaidu,16.88073425,78.74740363
Kurmed Gate,16.89072326,78.75344933
Madnapur-Chintapally,16.92631178,78.7315895
Polepalle Ramnagar,16.95349197,78.72605324
Anthampet,16.76789049,78.78198811
Andugula-Madgul,16.75889255,78.76914561
Kubya Tanda,16.78110451,78.7696928
Mile Stone,16.78377006,78.75071616
Chetla Tanda,16.79033028,78.75053582
Mile Stone,16.79991073,78.75356134
Arkapalle-Madgul,16.81963827,78.76389424
Nallacheruvu,16.83206451,78.70017511
Madgul,16.8508151,78.68856669
Pedda Madgul,16.86490761,78.69518906
Narsaiahpally-Madgul,16.89100688,78.71458211
Kolkulapally-Madgul,16.91230378,78.72335516
Kandawada,17.2770036,78.1761387
Palgutta-Chevella,17.28794467,78.17383468
Elgapally,17.00943063,78.82784023
Mile Stone,17.00948258,78.81905987
Manthangowrelly,16.99793651,78.77911806
Ajilapur-Marriguda,16.98296122,78.80368708
Mile Stone,17.00961733,78.81906152
Mile Stone,17.00952499,78.82783771
Alwal X Roads-Keshampeta,16.99973976,78.34553628
Alwal-Keshampeta,16.9913263,78.34428635
Patigadda,16.97383645,78.36123392
Keshampeta-Keshampet,16.95305835,78.34669768
Sundarapuram X Road,16.92894995,78.33777138
Kakunoor,16.91526262,78.33434351
Thommidi Rekula ( 9 Rekula ),16.87911463,78.3241497
Lingamdana,16.86982114,78.32566379
Kakunoor,16.91520615,78.3343757
Kolkulapally-Madgul,16.91227552,78.72319938
Narsaiahpally-Madgul,16.89097475,78.7146002
Old Brahmanapalle-Madgul,16.83181387,78.7293148
Arkapalle-Madgul,16.81975611,78.76388316
Asireddypally-Madgul,16.80588659,78.78849511
Palle Thanda-Madgul,16.795,78.782
Palugu Tanda,16.79984191,78.75359091
Jugu Tanda,16.79345725,78.77002068
Kubya Tanda,16.78108855,78.76976553
Kakunoor,16.91466734,78.33643063
Jugu Tanda,16.79361968,78.76993089
Palle Thanda-Madgul,16.79478368,78.78225624
Mile Stone,16.79624475,78.79172981
Asireddypally-Madgul,16.80602513,78.78843337
Sundarapuram X Road,16.92906291,78.33768022
Gandipet,17.38447305,78.32007141
Osman Sagar,17.38656164,78.31659794
Gandipet,17.38453678,78.32003922
Veerannapet-Moinabad,17.37423139,78.22996259
Medipalle-Moinabad,17.37160734,78.20135415
Veerannapet-Moinabad,17.37426211,78.23009133
Manchirevula,17.37792257,78.35434721
Ashramam-Machirevula,17.37291542,78.34970696
Vyasa Nagar,17.36771921,78.35073173
Manchirevula,17.37779968,78.35431919
Proddutur X Roads,17.38052824,78.20032954
Pragathi Resort,17.38052856,78.18111956
Gollaguda X Road,17.38333768,78.16528246
Kammeta X Roads,17.38324684,78.14929249
Yenkepalle-Chevella,17.385,78.136
Kammeta X Roads,17.38341305,78.14957391
Kammeta,17.37704583,78.16282959
Gollaguda X Road,17.38333642,78.16538036
Pragathi Resort,17.38061035,78.18096936
Proddutur X Roads,17.38053592,78.20023835
Kollur-Shankarpally,17.44268113,78.25294911
Kollur-Shankarpally,17.4427336,78.25300142
Ibp Manchal Road,17.19314598,78.64666086
Chittapur-Manchal,17.17208541,78.74206869
Chittapur-Manchal,17.17197528,78.74213037
Kondannaguda,17.04695053,78.28041228
Veljerla,17.03963679,78.27287525
Papireddyguda-Keshampet,17.00796746,78.2709179
Guttalagadda Twd Kondareddypally,16.99349379,78.27260976
Seriguda Madhurapur,16.98839946,78.27595702
Ippalapalle-Keshampeta,16.98188379,78.2839474
Ragya Thanda,16.96197764,78.28180965
Pomalpalle,16.95197438,78.28636147
Seriguda Madhurapur,16.98833791,78.27573175
Guttalagadda Twd Afzalgunj,16.99341388,78.2723952
Tholkatta X Roads,17.3130283,78.21676545
Tolkatta,17.29797346,78.20841908
Sv College,17.28399038,78.20964754
Yethbarpalle,17.27201946,78.20650388
Nakkalapalle-Moinabad,17.25887201,78.20664346
Nakkalapalle-Moinabad,17.2588592,78.20647717
Yethbarpalle,17.27192468,78.20645853
Sv College,17.28404674,78.20962474
Tolkatta,17.29799133,78.2083708
Brahmanapally,17.26822876,78.61726285
Nampally Public Garden,17.396278,78.470819
Kagazghat,17.12972747,78.68788043
Kagazghat,17.12968645,78.68774093
Potugadda Thanda,17.02755009,78.54692191
Utlapally-Kandukur,17.014,78.528
Mucherla-Kandukur,17.01425457,78.5171628
Mile Stone,17.01419301,78.51075768
Mucherla X Road,17.00988408,78.49797629
Kadthal-Rr,16.98568933,78.50169718
Rajkhanguda-Amangal,16.96667636,78.47601768
Takrajguda,16.96558877,78.47376461
Madharam,16.9583615,78.44868602
Madharam,16.9680104,78.44978571
Natkhanpalli,16.978,78.439
Ravichedu,16.982,78.424
Santhapur,16.989,78.381
Takrajguda,16.96566812,78.4736681
Gollamada,17.014,78.51
Mucherla-Kandukur,17.01421866,78.51705551
Gollamada,17.01391088,78.52775216
Mangalgadda Thanda,17.02724234,78.55290592
Lingampalle-Manchal,17.181,78.707
Thallapalliguda-Manchal,17.18709168,78.73690009
Tippaiguda,17.17720298,78.7759155
Rachakonda Tanda,17.18194624,78.7918894
Tippaiguda,17.17710048,78.77610326
Gurramguda Village,17.294,78.566
Dondaguda,17.20724638,78.71976178
Begumpet-Kandukur,17.10803654,78.55346918
Rachloor-Gate,17.11474004,78.53707014
Gudoor Gate,17.11846211,78.50503653
Lemoor,17.13834584,78.51530202
Saraswathiguda,17.17135777,78.49844644
Saraswathiguda X Road-Kandukur,17.18540566,78.47459611
Cherikonda Patti Padkal,16.94920736,78.64140012
Cherikonda Palakurthy,16.91917852,78.64237368
Mudwin-Amangal,16.90426363,78.6031276
T Gowraram Village,16.89126744,78.60894799
Akuthotapalle,16.87096585,78.60108375
T Gowraram Village,16.89103142,78.60910184
Mudwin-Amangal,16.90767808,78.60488177
Pallecheluku Thanda,16.97617335,78.64227705
Jbs,17.44925709,78.49638406
Pallecheluku Thanda,16.97609394,78.64238713
Akuthotapalle,16.87089796,78.60122322
Saree Thanda,16.95592162,78.67795585
Korram Thanda,16.92337859,78.67816399
Katramtanda,16.91800832,78.67614541
Nagilla-Madgul,16.898,78.659
Appareddypally-Madgul,16.88231779,78.67579668
Dodlapahad,16.87336779,78.63471864
Avuru Pally X Road,16.8723926,78.62753207
Shetti Pally-Amangal,16.88797513,78.61958697
Murthuja Palli,16.85644199,78.56973422
Jangareddy Pally-Amangal,16.84891803,78.55699092
Jangareddy Pally-Amangal,16.84896637,78.55690202
Murthuja Palli,16.85650363,78.56913336
Avuru Pally X Road,16.87247968,78.62751424
Dodlapahad,16.8736142,78.63415003
Appareddypally-Madgul,16.88226389,78.67589591
Nagilla-Madgul,16.89807358,78.65905702
Katramtanda,16.91800576,78.67611587
Korra Thanda,16.92334066,78.67824018
Yamjal X Roads,17.5551626,78.53773537
Vintege Home-Yjl,17.27579404,78.56486491
Turkayamjal Village,17.26989925,78.57408872
Kadilabavi Thanda,17.15773688,78.78888128
Kadilabavi Thanda,17.15764972,78.78862352
Timmapur-Kandukur,17.13114532,78.55626673
Pavurala Gutta Twd Choutuppal,17.25029359,78.76213427
Malkapur-Choutppal,17.27618402,78.79801153
Malkpur Darga Twd Choutuppal,17.27576398,78.8085258
Malkapur,17.27597912,78.79793644
Mandollagudem Choutuppal,17.27912585,78.7896521
Gold Coast,17.26307021,78.76218795
Pavurala Gutta Twd Ibrahimpatnam,17.25032433,78.76237034
Dondaguda,17.20722608,78.71982251
Naganpalle-Ibrahimpatnam,17.21677095,78.68929624
Shivanaguda-Marriguda,17.00332347,78.8871766
Kurmed Gate,16.89065397,78.75353248
Kurmapalli-Chinthapally,16.88197643,78.76021921
Saireddy Gudem,16.88644757,78.78474534
Kurmapalli-Chinthapally,16.884,78.793
Saireddy Gudem,16.898,78.79
Pk Mallepally-Chinthapally,16.90335175,78.81582857
Kistarampally-Marriguda,16.89726752,78.82620697
Narasimhapuram-Marriguda,16.88918336,78.83910298
Chintapalle-Chennur,16.87992247,78.84710837
Hydelapur,16.87751559,78.85511577
Thunga Pahad-Miryalaguda,16.87028301,78.87017073
Tungapathi Gouraram (Tp Gouraram),16.87913259,78.88736129
Mallapurajupally-Nampally,16.87014908,78.90897989
Hydelapur,16.87746426,78.85512113
Chintapalle-Chennur,16.87968699,78.84681703
Pk Mallepally-Chinthapally,16.9030472,78.81610036
Saireddy Gudem,16.89941658,78.79029916
Arkapally X Road,16.83828,78.789462
Vinjamooru Bs,16.83085786,78.80180151
Chinthapally X Road,16.81793357,78.82844924
Chinthapalli-Devarakonda,16.80283608,78.82064939
Humanthula Palli,16.7790989,78.80598306
Humanthula Palli,16.77899105,78.80589724
Mallareddi Palli-Chinthapally,16.77161043,78.83074236
Korrabhagya Tanda,16.74758163,78.84809376
Mudigonda-Devarakonda,16.73969122,78.8614136
Kamalpur-Devarakonda,16.72943731,78.85964871
Gottimukkala-Devarakonda,16.734,78.831
Iddam Palli,16.732,78.781
Jillepaly-Devarakonda,16.71333023,78.80621448
Jillepaly-Devarakonda,16.71342047,78.80619373
Iddam Palli,16.73200084,78.78109758
Gottimukkala-Devarakonda,16.73421506,78.83025154
Kamalpur-Devarakonda,16.72940163,78.85955756
Mudigonda-Devarakonda,16.73992239,78.86142969
Korrabhagya Tanda,16.74742238,78.84822785
Mallareddi Palli-Chinthapally,16.77149229,78.83075576
Humanthula Palli,16.761,78.802
Chinthapalli-Devarakonda,16.802908,78.82055283
Chinthapally X Road,16.817874,78.828705
Vinjamooru Bs,16.830782,78.801827
Arkapally X Road,16.838101,78.789544
Tirugundla Pally-Marriguda,16.96486,78.77364367
Tammad Palle-Marriguda,16.97186494,78.77501294
Patelguda-Ibrahimpatnam,17.21554534,78.585881
Manorabad-Manchal,17.18931843,78.69881809
Maheswaram Bus Stop,17.13413397,78.43345106
Maheswaram Depot,17.13402888,78.41508865
Mansanpalle-Maheswaram,17.137161,78.39389384
Mansanpally X Road,17.13784278,78.37958157
Ameerpet-Maheswaram,17.15,78.344
Muchintal,17.173,78.332
Jims Hospital,17.186,78.328
Jims Hospital,17.187,78.327
Muchintal,17.174,78.332
Ameerpet-Maheswaram,17.14971521,78.34321681
Mansanpally X Road,17.13800175,78.37986589
Mansanpalle-Maheswaram,17.13762241,78.39193583
Mukchintal Model High School,17.18466863,78.31238623
Maheswaram Bavi,17.13655766,78.43520508
Sirigiripur,17.15350793,78.44765604
Tukkuguda,17.21189952,78.47652734
Rci Gate,17.26273212,78.47553492
Ragaipally,16.81223087,78.5331166
Peddapur-Veldanda,16.78197506,78.53734913
Veldanda,16.745,78.536
Bollampally-Veldanda,16.758,78.593
Challapally,16.75389593,78.59747656
Chedurvalli,16.74450475,78.62398735
Bhairpur,16.76,78.657
Appareddypally Thanda,16.75525606,78.67087745
Appareddypally Thanda,16.755179,78.67087475
Bhairpur,16.76006385,78.65697295
Chedurvalli,16.74439932,78.62392965
Challapally,16.75376355,78.59735335
Bollampally-Veldanda,16.75799919,78.59260799
Veldanda,16.74450333,78.53578104
Peddapur,16.78213688,78.53724992
Ragaipally,16.81220034,78.53307368
Mucherla X Road,17.00998667,78.49791258
Rachloor,17.12449333,78.47691424
Mohabatnagar,17.16388226,78.47696721
Bairapur-Birkoor,18.49348809,77.81974553
Appreddypally,16.57517,78.07616
Appreddypally,16.57517,78.07609
Bollampally-Veldanda,16.75707299,78.59464997
Peddapur,16.48724236,78.54283154
Rci Gate,17.26270121,78.47594261
Sirigiripur,17.1535787,78.44787029
Maheswaram Bavi,17.13659418,78.43547531
Bhatlapalle,16.93512875,78.86244897
Swamulavari Lingotam-Nampally,16.90554679,78.89833687
Vaddepally,16.8967673,78.92010744
Chittam Pahad,16.88993792,78.93753469
Nampalli-Devarakonda,16.88490749,78.96298302
Peddapur-Nampally,16.90013695,78.97195816
Ramdas Thanda-Nampally,16.91822388,78.98374379
Narasimhula Gudem-Tripuraram,16.93398949,78.9922893
Papireddigudem-Chandur,16.97202271,79.01348948
Mile Stone,16.97198167,79.01343584
Thummalapalle-Chandur,16.9502618,79.00776565
Neralla Palli-Nampally,16.94202576,78.99218201
Peddapur-Nampally,16.90014722,78.97200644
Nampalli-Devarakonda,16.88515901,78.96073586
Chittam Pahad,16.88978029,78.93747126
Swamulavari Lingotam-Nampally,16.90563427,78.89806508
Bhatlapalle,16.93499509,78.86280299
Marriguda-Mall,16.941,78.858
Yergandla Palle-Marriguda,16.95875147,78.82022291
Banjar Tanda-Kandukur,17.10306838,78.42874373
Bokkal Tanda,17.092,78.425
Kkbasthi Twd Keshampet,17.082,78.42
Pulumamidi-Kandukur,17.06574383,78.41915891
Dhannaram,17.04715315,78.40901056
Chippalpalle,17.04774295,78.3970347
Murlinagar,17.028,78.395
Konaiapally-Keshampeta,17.010038,78.38722855
Santhapur,16.98826864,78.38009655
Patigadda,16.97486259,78.34749155
Santhapur,16.98812239,78.37998927
Konaiapally-Keshampeta,17.01015591,78.38719368
Murlinagar,17.027,78.395
Chippalpalle,17.04772464,78.39708567
Dhannaram,17.04720441,78.40895175
Pulumamidi-Kandukur,17.066,78.424
Mile Stone,17.082,78.42
Bokkal Tanda,17.091,78.424
Banjar Tanda-Kandukur,17.10312993,78.42870348
Spoorthy Engg Clg,17.28210418,78.55371135
Bn Reddy Nagar,17.32077355,78.56081441
Vijayanagar Colony-Lb.Nagar,17.32250004,78.57228213
Bn Reddy Nagar,17.32068975,78.56077418
Rtc Colony Champapet,17.34673667,78.52003822
Mile Stone,17.33994171,78.50432843
Anneboina Pally-Madgul,16.86503725,78.77175805
Suddapalle,16.81890923,78.79494313
Andugula X Road,16.78630974,78.79252915
Yella Reddy Bawi,16.689204,78.785698
Padamati Palli-Devarakonda,16.69008487,78.80245462
Kandukur-Gundla Palle,16.65533677,78.78112436
Rahamanthapur-Gundlapally-Dindi,16.64612186,78.74864817
Padamati Palli-D,16.6906411,78.80244792
Andugula X Road,16.78627891,78.79231454
Sudanpalle,16.81892461,78.79480896
Anneboina Pally-Madgul,16.86496411,78.77190828
Mandigowrelly-Yacharam,17.03737237,78.70220304
Mile Stone,17.03192274,78.74160737
Humanthula Palli,16.7619524,78.80221678
Anajpur-Chinthapally,16.75290336,78.79442275
Nandi Gadda,16.75229465,78.79401237
Kurmed Gate,16.89085159,78.75385702
Pendyal,17.1305223,78.37613761
Dubbacherla,17.1079109,78.37165557
Kollapadkal,17.08072554,78.36537123
Janda Guda,17.08661954,78.36707175
Janda Guda,17.09068088,78.35436339
Janda Guda,17.086676,78.36718976
Dubbacherla,17.10646253,78.37101459
Pendyal,17.1306928,78.37605713
Durga Nagar,17.31799415,78.43725585
Madgul,16.85076376,78.68879468
Jayaram Thanda,16.8615861,78.67188871
Mile Stone,16.86466379,78.66765348
Mile Stone,16.86469716,78.6676079
Jayaram Thanda,16.86160279,78.67191687
Chinna Tupra,17.158,78.322
Peddatopra,17.16374394,78.30789685
Vemula,16.78412701,78.33944499
Veljala,16.82003409,78.36288755
Chandradana,16.85415221,78.388284
Talakondapalle,16.88701208,78.41799615
Sheep Farm,17.25710238,78.47532459
Ravichedu,16.98316666,78.41646194
Padkal,16.93631626,78.4008281
Lingaraopally,16.92407199,78.38111847
Turkapally X Road,16.91022766,78.37065518
Padkal,16.93648071,78.40073213
Premavathipet,17.32639485,78.41503269
Bhavani Colony,17.32713869,78.41980699
Vinjamooru Bs,16.85427673,78.81257996
Yella Reddy Bawi,16.689034,78.785653
Yeraguntapaly,16.695039,78.757782
Vavilkol,16.66936918,78.75185071
Rudraiguda,16.66155718,78.74947662
Yeraguntapaly,16.695204,78.757739
Lankalapalle Bs,16.98768121,78.94818306
Donipamula,16.98146055,78.98094622
Angadipet,16.98364871,79.03519392
Kasthala,16.9511136,79.0756309
Donipamula,16.98140925,78.98085773
Lankalapalle Bs,16.98725583,78.94817972
Penjerla,17.10980532,78.32162975
Kodicherla,17.09385454,78.33242843
Jandaguda,17.0911255,78.3510831
Palguda Twd Sheriguda,17.08656321,78.35131645
Ricemill Twd Amangal,17.06314385,78.30080527
Kalone Thanda,17.05823596,78.30304205
Kalone Thanda,17.05856418,78.30289185
Ricemill Twd Jpdarga,17.06314385,78.30050487
Peddatopra,17.16272903,78.30902338
Chinna Tupra,17.15774678,78.32244497
Ramanujapur-Shamshabad,17.23460093,78.24745059
Chegur Ricemill Twd Chegur,17.221,78.233
Maddur-Shabad,17.21092338,78.22881459
Bandoni Guda,17.19161176,78.22956831
Chegur-Kothur,17.17387161,78.22894335
Kanha Shanthi Vanam,17.18514936,78.22412074
Chegur-Keshavaram,17.17491459,78.22805822
Bandoni Guda,17.19144841,78.22956629
Maddur-Shabad,17.21105657,78.22868585
Mile Stone,17.22089483,78.23304176
Gollapally,17.238,78.398
Kothaguda X Road,17.22704086,78.39892566
Pedda Golconda,17.19695365,78.39667809
Nagaram,17.18307116,78.3916837
Ntr X Roads,17.162,78.388
Ekwaipally,16.927,78.565
Mudwin-Amangal,16.90767552,78.60484421
Mansanpally X Road,17.13785821,78.37974787
Thummaloor,17.12876406,78.46011758
Bairaguda-Kandukur,17.12036669,78.49748345
Gudoor Gate,17.11851338,78.50504995
Rachloor-Kandukur,17.11483008,78.53706485
Gudoor Gate,17.11838532,78.50525653
Bairaguda,17.12027449,78.49762551
Aurpally,16.86448655,78.61642063
Bangarugadda-Amangal,16.856,78.647
Appareddypally-Madgul,16.848,78.663
Madnapur,16.92638011,78.73161882
Appareddypally-Madgul,16.848,78.663
Bangarugadda-Amangal,16.856,78.646
Aurpally,16.86494333,78.6162007
Mile Stone,16.85318704,78.42993737
Gandicheruvu,17.29303209,78.67250025
Talakondapalle,16.88795142,78.41372744
Cheepunuthala,16.90203864,78.44383389
Mile Stone,16.93953178,78.43289852
Chukkapur,16.88058035,78.46417848
Cheepunuthala,16.9020335,78.44396263
Ntr X Roads,17.161,78.388
Nagaram,17.18319413,78.39163006
Pedda Golconda,17.19707727,78.396662
Kothaguda X Road,17.22705368,78.39884517
Gollapally,17.237,78.4
Kalvakol X Roads,17.1248884,78.37424398
Gandhi Nagar Thanda,17.09257782,78.36799981
Siddapur,17.05601278,78.3556697
Bhairkhanpally,17.03351007,78.35260392
Mangalguda,17.01915321,78.35282651
Poultry Farm,17.01204369,78.35605859
Keshampet,16.95320075,78.34674664
Mile Stone,16.93291951,78.34959179
Lemamidi,16.91517263,78.35791735
Nirdavally,16.90036402,78.34913851
Lemamidi,16.91506367,78.35805684
Bodunampally X Road Twd Keshampet,16.93288615,78.3494979
Kongaguda Tanda,17.04555279,78.30236086
Julapalle,16.85895757,78.35846774
Venkatapuram-Thalakondapally,16.79694961,78.35546851
Venkatapuram-Thalakondapally,16.79695603,78.3554256
Julapalle,16.85690019,78.36401269
Sankatonipally,16.8239079,78.51116005
Sankatonipally,16.82356153,78.5103929
Gattu Ippalapalle,16.7988356,78.44142796
Veernapally-Veernapalli,16.78397034,78.46692233
Gattu Ippalapalle,16.79763392,78.44515085
Chowdarpally-Amangal,16.81507082,78.51592897
Gollonipally,16.80155216,78.50098371
Kuppagandla,16.77399041,78.49800579
Ippapahad,16.75992707,78.47138486
Jakanalapalle,16.75549996,78.45576703
Urkondapeta,16.74300205,78.43329547
Urukonda Temple,16.739,78.424
Urkonda Gate,16.72712572,78.40644087
Urkonda Gate,16.72385291,78.41105459
Urukonda Temple,16.73881277,78.42404723
Urkondapeta,16.74306628,78.43334921
Jakanalapalle,16.7555538,78.45568655
Ippapahad,16.75997137,78.47152265
Kuppagandla,16.774045,78.49798634
Gollonipally,16.80151648,78.50087908
Chowdarpally-Amangal,16.8150965,78.51590549
Mallareddy Farm,17.044,78.462
Nednur,17.03459228,78.44918489
Bachupalle-Kandukur,17.05441792,78.43836754
Pulumamidi-Kandukur,17.06595151,78.42394799
Polyetryfarm Twd Shamsabad,17.012,78.356
Mangalguda-Keshampet,17.0190148,78.35274071
Bhairkhanpalle-Keshampet,17.0334539,78.35251809
Seriguda,17.08079965,78.35586548
Palguda Twd Jandlaguda,17.08652219,78.3512789
Subhanpur,17.1011123,78.35005581
Bachupalle-Kandukur,17.05436662,78.43815833
K K Basti,17.032,78.447
Manyamguda-Kandukur,17.02871956,78.45422744
Mile Stone,16.99088925,78.45524189
Madharam,16.97094552,78.44904005
Mile Stone,17.01388011,78.51013541
Dasarlapalle-Kandukur,17.01097162,78.48095834
Mile Stone,17.00915048,78.48214935
Mile Stone,17.02000026,78.46632876
Nednur Model School,17.04590683,78.4453869
Mallareddy Farm,17.044,78.462
Kandukur (Klky),17.06464115,78.48881697
Thatiparthy-Yacharam,17.00253843,78.59663143
Debbadaguda,17.04705568,78.49535651
Annojiguda-Kandukur,17.07165787,78.51471573
Charminar,17.35961888,78.47432893
Hanuman Temple Twd Akanpally,17.118,78.395
Ghatpalle-Maheswaram,17.10214292,78.39367122
Akanpalle,17.088,78.39
Janapriya -Uprly,17.3653,78.4203
Nalanda-Upperpally,17.3645,78.4143
Apurupa Colony,17.52934058,78.44923519
Apurupa Colony,17.531826,78.449515
Sr Nayak Nagar Bus Stop,17.53191318,78.44460871
Ida-Jeedemetla,17.529337,78.444307
Gandhamguda,17.36943924,78.38026017
Gandhamguda,17.36932149,78.38027358
Mile Stone,17.06788996,78.47359568
Jaithwaram Maqta,17.06996942,78.44213605
Sardar Nagar Village,17.22359254,78.48261325
Tibrewala,17.2401287,78.4801711
Tibrewala,17.2401491,78.4795788
Shaikpet Nala,17.40600951,78.4034026
Mile Stone,17.45644744,78.29664767
Cyber Colony,17.44819635,78.26926232
Kollur Doublebedroom Township,17.432,78.2551
Nalluripally,16.85039391,78.62463355
Nalluripally,16.847,78.626
Chennampalle-Amangal,16.83472171,78.58242096
Polepally-Amangal,16.82455917,78.60772055
Kalakonda,16.80391464,78.65701318
Ajilapur,16.79618611,78.68391333
Ajilapur,16.79614203,78.68389964
Kalakonda,16.80385295,78.65697295
Polepally-Amangal,16.82455565,78.6076907
Chennampalle-Amangal,16.83469092,78.58234047
Jangareddy Pally-Amangal,16.84698239,78.55694582
Mohammadnagar-Kandukur,17.05856418,78.48824859
Mohammadnagar-Kandukur,17.05868249,78.48807687
K K Basti,17.03198685,78.44719474
Jaithwaram Maqta,17.07000275,78.44216153
Kothaguda X Road Twd Mgbs,17.06807137,78.47356014
Mankhal,17.201,78.466
Harshaguda,17.18725313,78.43871623
Sirigiripur,17.15424598,78.43695939
Gangaram-Maheswaram,17.15715751,78.42869812
Thondupally-Shamshabad,17.25449963,78.38029497
Mile Stone,17.25657952,78.38184269
Thondupally-Shamshabad,17.25,78.376
Thondupally-Shamshabad,17.24962759,78.37513447
Peddashapur,17.21934988,78.33623439
Alikol Tanda X Roads,17.22136363,78.32038723
Alikol Tanda,17.21363661,78.3175206
Alikol Tanda X Roads,17.22139023,78.3203946
Bell Company,17.43847755,78.5793668
Manikchand Company,17.43620622,78.57493354
Ida Mallapur,17.43536,78.5729
Habsiguda,17.419199,78.541818
Manikchand Company,17.43615551,78.57501379
Medipalle X Road,17.38117353,78.20667405
Podagutta Thanda Twd Afzalgunj,17.01942003,78.32279116
Antharam-Thalakondapally,16.83572478,78.34886222
Masigundlapally,16.80867428,78.32473998
Wadiyal,16.74692456,78.31501819
Vemula-Midjil,16.78409105,78.3175394
Masigundlapally,16.80847565,78.32580271
Venkatapuram Patti-Thalakondapally,16.81366637,78.33814412
Porandla-Maheswaram,17.06092836,78.37799907
Porandla-Maheswaram,17.06080528,78.37799907
Kollapadkal,17.08088671,78.36531221
Gandhi Nagar Thanda-Maheswaram,17.09257782,78.36781743
Kalvakol X Roads,17.12492941,78.37413669
Uppagada Thanda,17.14916121,78.40869427
Kotha Thanda-Maheswaram,17.15807906,78.39741182
Kollur Double Bed Room,17.43446248,78.25706456
Osman Nagar,17.44213596,78.27197669
Tellapur,17.46296428,78.28737259
Mile Stone,17.45622228,78.29703391
Nandi Nagar,17.41986229,78.43086943
Pedda Amberpet Checkpost,17.3202621,78.64162803
Vanka Mamidi,17.36267708,78.86023545
Shivareddy Gudem,17.367,78.871
Indriyala,17.38665545,78.87046919
Shivareddy Gudem,17.368,78.87
Vanka Mamidi,17.36266626,78.86023108
Mukthapur,17.35883075,78.80910504
Mudimyal,17.33327973,78.20119858
Ravulapalle Khurd,17.352,78.198
Mudimyal,17.33318748,78.20144534
Appareddyguda X Road,17.31805994,78.22654009
Jana Priya Apartment-Erragadda,17.45702314,78.42867438
Panduranga Nagar,17.45570296,78.42537765
Kabeer Nagar Hyd Bus Stop,17.4567145,78.42251234
Mothinagar,17.45423922,78.42269271
Kabeer-Mothinagar,17.45436719,78.4226954
Panduranga Nagar,17.45585643,78.42525953
Jana Priya Apartment-Erragadda,17.45714083,78.42864856
Rtc Colony Champapet,17.34683913,78.52020453
Bhupesh Guptha Nagar,17.33284503,78.53775512
Nandanavanam,17.327,78.538
R N Reddy,17.32287382,78.53844881
Nandanavanam,17.327,78.538
Bhupesh Guptha Nagar,17.33256512,78.5377273
Working Womens Hostel,17.42139257,78.41074889
Working Womens Hostel,17.42092626,78.41124232
Chetla Tanda,16.79025829,78.75059465
Mile Stone,16.78378262,78.75077086
Sai Balaji Town Ship-Grmd,17.29381876,78.5649542
Mile Stone,17.05710001,78.9647913
Theretpalle,17.05595893,78.93627942
Ghattuppal,17.07092324,78.91915619
Lachammagudem,17.06636305,78.89540591
Goleti X Road,17.06764993,78.8883187
Anthampet,17.03405081,78.88836573
Anthampet,17.03403337,78.88819815
Mile Stone,17.06755146,78.88838589
Medipalle X Road,17.38122217,78.2068189
Chegur-Gate,17.17368202,78.30036519
Kummariguda-Shabad,17.17244679,78.2829899
Akkiwariguda Twd Mallapur Thanda,17.18148941,78.28589727
Mallapur-Kothur,17.18550825,78.27304437
Reddy Palem-Kothur,17.19651353,78.26522834
Mallapur Tanda,17.19843,78.26426
Yerrakunta,17.22190934,78.31447363
Jukal Shamshabad,17.2252091,78.30348729
Piloniguda,17.2099805,78.29317689
Piloniguda,17.21012398,78.29311252
Jukal Shamshabad,17.22532695,78.30346584
Yerrakunta,17.22210917,78.31441999
Ghatpalle-Maheswaram,17.1022968,78.39363359
Daudguda Twd Maheshwaram,17.10514999,78.41581824
Nddc Twd Maheshwaram,17.11902349,78.42610717
Model School Twd Maheshwaram,17.12882558,78.43253911
Model School Twd Akanpally,17.12879482,78.43266247
Nddc Twd Akanpally,17.11894148,78.42618215
Daudguda Twd Akanpally,17.10496541,78.41607569
Hanuman Temple Twd Chmr,17.118,78.395
National Police Academy,17.33222989,78.43927413
Jalpally X Rd,17.28447945,78.4511523
Wambay Clny-Udamgadda,17.29830379,78.44989308
Laxmiguda-Jalpally,17.30699784,78.45043221
Uddam Gadda,17.31564142,78.44884962
Rajendra Nagar Depot,17.33397096,78.40961158
Gudoor Gate,17.11849031,78.50560781
Turkaguda Twd Rachloor,17.11269692,78.54289054
Katikapally,17.10083289,78.50156308
Katikapally,17.09275723,78.51656726
Malagudur,17.08420459,78.50282369
Gudur Village,17.09539539,78.49881918
Gudur Village,17.09543125,78.49879367
Malagudur,17.08486476,78.50134877
Katikapally,17.09315216,78.51676042
Gudoor Gate,17.11460441,78.50442775
Mile Stone,17.11249465,78.54278038
Peddamma Thanda-Maheswaram,17.09026014,78.4140654
Damera Bhemanapally-Marriguda,16.952,78.93
Vattipalle,16.94271339,78.87436867
Kondur-Marriguda,16.93542127,78.83531569
Goleti X Road,16.90173579,78.67193431
Abids Gpo,17.38878348,78.47640393
Saraswathiguda X Road-Kandukur,17.18503916,78.475492
Saraswathiguda,17.17091174,78.49886206
Nandigama,17.12021674,78.25350232
Nandigama,17.1203558,78.25348053
Musheerabad-2 Depot,17.4081831,78.50384436
Ashoknagar Rtc X Rd,17.40937567,78.4894985
Canara Bank Gandhi Nagar,17.41188641,78.4886402
Gandhi Nagar-Kavadiguda,17.41583917,78.48914847
P T Colony Bus Stop,17.41860305,78.49116141
Padmashali Colony,17.42214254,78.49360093
Praga Tools,17.42357056,78.49405823
Kavadiguda,17.42478934,78.48968357
Bible House,17.42984795,78.49253473
Kavadiguda,17.42483733,78.48970772
Praga Tools,17.42363583,78.4942272
Padmashali Colony,17.42280023,78.4941045
P&T Colony Ashoknagar,17.41852,78.4911789
Gandhi Nagar-Kavadiguda,17.41559592,78.48914176
Canara Bank Gandhi Nagar,17.4120259,78.48868572
Ashoknagar Rtc X Rd,17.40892143,78.48959774
Ashok Nagar Park,17.40608312,78.48964334
Himayath Nagar,17.40097705,78.48886549
Telugu Academy Himayat Nagar,17.3995591,78.48680556
Old M.L.A. Quarters,17.39706743,78.48415285
King Koti,17.39359285,78.4816101
Abids Tajmahal Hotel,17.39213646,78.47690082
National Darbar,17.3947241,78.48541608
Old M.L.A. Quarters,17.39669507,78.48439155
Telugu Academy Himayat Nagar,17.39964356,78.48661512
Himayath Nagar,17.40143519,78.48890036
Ashok Nagar Park,17.40653223,78.48966613
King Koti,17.39404074,78.48386034
Sudharshan Theatre,17.40743189,78.49499971
Vst Bus Stop,17.4049928,78.5018437
Budwel Station Twd Aramghar,17.3027878,78.41989521
Lb Nagar,17.34938841,78.55304927
Mile Stone,17.24454793,78.38843018
Mile Stone,17.24512769,78.45957257
Mile Stone,17.24501671,78.45983538
Mile Stone,17.24432763,78.38847712
B C Colony-Amet,17.316,78.6839
Shiva Narayana Puram,17.30395813,78.5297665
Nandi Hills,17.31537803,78.54180684
Uddam Gadda,17.31565939,78.44895288
Laxmiguda-Jalpally,17.30712839,78.4507406
Wambay Clny-Udamgadda,17.29836393,78.45019208
Panama Godowns,17.33796894,78.56988162
Ravirala,17.21608849,78.51041436
Kongara Tanda,17.19236764,78.55049198
Timmapur-Kandukur,17.13042004,78.55778754
Srisri Homes,17.297052,78.548187
Balapur X Rds,17.31791149,78.51837515
Shivaji Chowk,17.31360957,78.50564008
Balapur,17.31057255,78.49954072
Shivaji Chowk,17.31370432,78.50613375
Shivaji Chowk,17.31344309,78.50601286
Balapur Twd Rci,17.30886202,78.50624083
Mallapur,17.28997783,78.49772476
Sultanpur-Mallapur,17.27828805,78.49823311
Rci Main Gate,17.26348227,78.49369749
Rci,17.26401532,78.4859097
Sultanpur-Mallapur,17.27822017,78.49814862
Mallapur,17.29023677,78.49758535
Balapur Twd Midhani,17.30891323,78.50596191
Walanthari,17.3231,78.3819
Gaddiannaram,17.36659763,78.521
Shankeshwar Mutt,17.35888105,78.525
Mandha Mallamma,17.338,78.523
Mammarajiguda Village,17.23448041,78.52714598
Bandlaguda,17.31674375,78.46645284
Noori Shah Darga,17.311,78.468
Ismail Nagar,17.308,78.471
Ghouse Nagar,17.3,78.465
Narsimharao Nagar Twd Sainagar,17.32510762,78.58722076
Sama Nagar X Road Twd Sainagar,17.32219801,78.5893786
Sai Baba Temple-Rk Nagar,17.3219315,78.59290838
Sai Nagar Colony-Hayathnagar,17.3180089,78.59275818
Sai Nagar Colony-Hayathnagar,17.31773734,78.59286815
Sai Baba Temple-Rk Nagar,17.32203146,78.59287083
Sama Nagar X Road Twd Shanthi Nagar,17.32231441,78.58918011
Narsimharao Nagar Twd Raithubazar,17.32516427,78.5871993
Mudhiraj Colony Twd Hayat Nagar,17.31651084,78.59291631
Vaidehi Nagar,17.32117865,78.5651958
Vaidehi Nagar,17.32103795,78.56955171
Vaidehi Nagar,17.32126574,78.5652709
Paradise,17.44504816,78.48706305
Cto,17.4503954,78.48666074
Tadbund,17.45646278,78.48426283
Ashish Garden Bus Stop,17.45755917,78.47801731
Bowenpally,17.4651902,78.47266227
Bowenpally Checkpost,17.47587702,78.473711
Nandamuri Nagar,17.48013161,78.47297072
Dairy Farm-Bowinpally,17.487331,78.47337221
Suchitra X Road,17.50038364,78.47722068
Jeedimetla Village,17.508909,78.479253
Angadipet,17.51393607,78.47959343
Balaji Hospital Kompalli,17.51858015,78.48162688
Ncl North Avenue,17.52563124,78.48420113
Poultry Farm (Cineplanet Kompally),17.52894598,78.48626107
Prajaya Aprts - Kompally,17.531881,78.488056
Doolapally X Road,17.54101264,78.49078327
Kompally,17.544708,78.491754
Kompally Bridge,17.56440829,78.49336947
Gundla Pochampally,17.569052,78.49356
Prestige Park Gundlapochampally,17.57650968,78.49168718
Damber Factory,17.57919962,78.49079134
Kandlakoya,17.59133194,78.4927718
Kirloskar,17.60083013,78.49203588
Cmr College,17.60385525,78.49075075
Ida Medchal,17.61149869,78.4872565
Medchal Checkpost,17.61739962,78.48575614
Medchal,17.6342067,78.48574896
Medchal Checkpost,17.61794346,78.48582928
Ida Medchal,17.61189015,78.48740503
Cmr College,17.6040002,78.49095223
Kirloskar,17.60088164,78.4923201
Kandlakoya,17.5914732,78.49311847
Damber Factory,17.57927,78.491087
Prestige Park Gundlapochampally,17.57667844,78.49175692
Gundla Pochampally,17.569194,78.493857
Kompally Bridge,17.56459834,78.49365984
Kompally,17.544481,78.492045
Doolapally X Road,17.54009961,78.4909308
Prajaya Aprts - Kompally,17.531005,78.487942
Poultry Farm (Cineplanet Kompally),17.52886192,78.48663121
Ncl North Avenue,17.525985,78.484684
Balaji Hospital Kompalli,17.51879212,78.48197658
Angadipet,17.51380146,78.47980502
Jeedimetla Village,17.508392,78.479482
Suchitra X Road,17.499658,78.477149
Dairy Farm-Bowinpally,17.4868139,78.47343743
Nandamuri Nagar,17.48014696,78.47353935
Bowenpally Checkpost,17.47588918,78.47391453
Bowenpally,17.46517745,78.47288758
Ashish Garden Bus Stop,17.45723552,78.47845315
Tadbund,17.456487,78.483953
Cto,17.45047281,78.48689138
Paradise,17.443503,78.488141
Patny,17.44324671,78.49490047
Ymca Secunderabad,17.44194423,78.49877895
Ansari Road,17.295851,78.482675
Venkatapuram,17.297171,78.488983
Salala,17.30450869,78.49087176
Venkatapuram,17.29711036,78.48905602
Ansari Road,17.29581712,78.48272335
Barkas,17.31563602,78.47897049
Gudi Malkapur-Mehdipatnam,17.38663614,78.4399581
Shiv Bagh,17.38281167,78.43876182
Sharada Nagar-Gudimalkapur,17.38123493,78.43977571
Tallagadda,17.37855481,78.44227083
Tallagadda,17.37882616,78.44207704
Sharada Nagar-Gudimalkapur,17.38111205,78.43974352
Shiv Bagh,17.38287806,78.43869209
Gudi Malkapur-Mehdipatnam,17.38664591,78.43985617
Iiit,17.444325,78.351854
Infosys,17.437043,78.347696
Icici Junction,17.42181759,78.33804892
Infotech,17.4203332,78.33709002
Waverock,17.41915547,78.34727159
Infotech,17.42032809,78.33699077
Icici Junction,17.42229937,78.33820785
Infosys,17.436867,78.347239
Rethibowli,17.396058,78.431656
Quba Colony,17.2943,78.4711
Mohammed Nagar,17.2954,78.4707
Quba Colony,17.29422561,78.47125901
Mandollagudem Choutuppal,17.27939733,78.79054897
Choutuppal,17.25382851,78.89410973
Lingoji Guda-Choutuppal,17.24425331,78.9268139
Ankireddigudem,17.24224539,78.93367321
Panthangi,17.24577496,78.95822793
Panthangi,17.24567753,78.95819307
Ankireddigudem,17.24209893,78.93363476
Lingoji Guda-Choutuppal,17.24383194,78.92673075
Secunderabad,17.43600595,78.50005098
Chadarghat,17.3822786,78.49356942
Ymca Narayanaguda,17.39527451,78.49138811
Sundaraiah Park,17.3971292,78.49700861
Bagh Lingampally,17.40111412,78.49937324
Ramnagar Gundu,17.40708765,78.51297319
Jamia Osmania,17.41176796,78.51801435
Arts College,17.41793464,78.51941867
Warasiguda,17.41992556,78.51671585
Namalagundu,17.425,78.515
Sitaphalmandi,17.42761395,78.51747394
Chilkalguda,17.43142439,78.50897133
Chilkalguda,17.43138856,78.50941658
Sitaphalmandi,17.4271418,78.51734821
Namalagundu,17.42456566,78.51578165
Warasiguda,17.41980463,78.51699346
Arts College,17.41780614,78.51944937
Jamia Osmania,17.41163619,78.51809531
Bagh Lingampally,17.40092586,78.49926174
Sundaraiah Park,17.39722991,78.49723132
Ymca Narayanaguda,17.39523098,78.49129289
Ameerpet,17.431553,78.44765
Beeramguda Kaman,17.50889,78.300277
Chintal Basthi,17.408898,78.460376
Irram Manzil,17.42075297,78.45569725
Sr Nagar,17.44296525,78.44073728
Bharath Nagar,17.46723208,78.42877865
Moosapet,17.47081311,78.42667579
Kphb,17.494062,78.400453
Jntu,17.496261,78.39441
Miyapur Metro Station,17.496265,78.370945
Miyapur X Road,17.49648097,78.36260928
Miyapur,17.495772,78.357949
Madeenaguda,17.494912,78.340601
Gangaram,17.49509217,78.33270712
Icrisat,17.51855383,78.27871453
Allwyn,17.52476163,78.27171921
Ravirala,17.21595014,78.51038754
Vst Bus Stop,17.40484503,78.50170171
Sudharshan Theatre,17.40724121,78.49503189
Flour Mill,17.39195283,78.42311886
Flour Mill,17.39252295,78.4243986
Rachalapalle,16.69477748,78.39831948
Madharam-Midjil,16.67432595,78.36628318
Gudiganpalle,16.67197235,78.33579177
Madharam-Midjil,16.67435164,78.36639583
Rachalapalle,16.695,78.399
Pedda Adiryal,16.85193943,78.29847687
Chinna Adiryal,16.838,78.301
Mile Stone,16.853,78.43
Chowdarpally-Thalakondapally,16.81773829,78.38420304
Jail Garden,17.37727237,78.49233359
Jandaguda,17.09115367,78.35102275
Kodicherla,17.09386743,78.33235053
Siddapur-Kothur,17.05605506,78.35567907
Cherkur,16.776839,78.544234
Mile Stone,16.77301775,78.56429458
Mile Stone,16.78264,78.587544
Cherkur,16.77689558,78.54410827
Mile Stone,16.773134,78.564355
Pbel City,17.35972897,78.37135152
Shapur Tanda Twd Shubanpur,17.21241962,78.3443427
Gollor,17.17810758,78.35239337
Nagireddipalle-Maheswaram,17.16620405,78.35155248
Manikyammaguda,17.13587308,78.33456741
Kottakapubasti,17.126,78.348
Ayyavaripally-Maheswaram,17.115,78.353
Subhanpur,17.10206341,78.35004777
Ayyavaripally-Maheswaram,17.108,78.351
Kottakapubasti,17.12430927,78.34888636
Manikyammaguda,17.13594107,78.33460092
Nagireddipalle-Maheswaram,17.16613234,78.3514613
Gollor,17.17816399,78.35242408
Shapur Tanda Twd Shamsabad,17.21241962,78.34448754
Vikrampuri,17.45526,78.49804
Karkhana,17.46077633,78.50035608
Tirumalagiri,17.47262,78.50982
Lalbazar,17.4777524,78.51066783
Lalbazar,17.479221,78.510914
Family Quarters,17.49090961,78.51272643
Lothukunta,17.49355348,78.51247329
Alwal,17.5018558,78.51396561
Sri Bakery,17.50472784,78.50765002
Old Alwal,17.508687,78.50353
Father Baliah Nagar,17.506402,78.492643
Loyola Academy,17.504777,78.487702
Suchitra X Road,17.50076607,78.47993374
Loyola Academy,17.505035,78.487839
Father Baliah Nagar,17.506522,78.492767
Old Alwal,17.508452,78.503855
Sri Bakery,17.50476952,78.50764367
Alwal,17.50201951,78.51413727
Lothukunta,17.49185102,78.51283103
Family Quarters,17.49098379,78.51284444
Lalbazar,17.47851,78.51104
Tirumalagiri,17.4726,78.51007
Karkhana,17.4606154,78.50054919
Vikrampuri,17.45438609,78.49821568
St Anns Twd Jbs,17.44271958,78.50361027
Kabeer Nagar Hyd Bus Stop,17.45610745,78.4222934
Sanath Nagar Railway Station,17.46163893,78.43158122
Moghalpura,17.35945,78.476523
Kammaguda,17.2803151,78.55126715
Ymca Narayanaguda,17.39551764,78.48960576
Vittalwadi,17.39606155,78.48751836
Hyderguda,17.4,78.478
Lokayuktha Office,17.40553283,78.47680964
Y Junction Kukatpally,17.475212,78.423632
Lokayuktha Office,17.40550595,78.47693302
Basheer Bagh,17.40144799,78.47589433
Hyderguda,17.40027063,78.47813129
Vittalwadi,17.39607306,78.48755389
Ymca Narayanaguda,17.39547925,78.4899116
Kachiguda X Roads,17.39081571,78.48928928
Gachibowli,17.43966328,78.3635634
Allwyn X Road,17.49310973,78.3518428
Mansanpalle-Maheswaram,17.137,78.393
Kc Tanda X Roads,17.13372386,78.41677576
Arundati Colony-Uppuguda,17.34246232,78.48157794
Saraswathiguda X Road-Kandukur,17.18572062,78.47431171
Gudur Gate,17.0922394,78.47462027
Mile Stone,16.99084148,78.45581528
Madharam,16.969,78.45
Ibrahimpatnam,17.19170305,78.64710845
Sr Nayak Nagar Bus Stop,17.532144,78.444543
Sbi Colony Twd Koti,17.36132,78.512622
Saidabad Police Station,17.36372029,78.50224435
Kala Nagar,17.338,78.646
Pasumamula,17.34994712,78.64914357
Kala Nagar,17.338,78.646
Vijaya Hospital-Nagaram,17.48262751,78.59504337
Nagaram Ecil,17.4878519,78.60082392
Dammaiguda,17.50196579,78.58896688
Ambedkar Nagar Dammaiguda,17.5067288,78.58388543
Dammaiguda,17.50213718,78.58883813
Dammaiguda X Road,17.48963306,78.6015719
Nagaram Ecil,17.4879357,78.60098585
Vijaya Hospital-Nagaram,17.48232446,78.59493654
Sv Nagar,17.48070085,78.59116765
Chakripuram,17.47947676,78.58536065
Dammaiguda X Road,17.48986712,78.6015746
Ayyappa Colony,17.494,78.597
Beerapagadda,17.40593593,78.56393918
Ganesh Nagar Church,17.41091515,78.56438041
Adarshnagar Uppal,17.41378157,78.56505632
Hema Nagar-Uppal,17.421,78.564
Post Office-Nacharam,17.431,78.559
Hema Nagar-Uppal,17.42120087,78.56440994
Ganesh Nagar Church,17.41091259,78.56444478
Beerapagadda,17.40590842,78.5640163
Adarshnagar Uppal,17.41400934,78.56490343
Fci Colony,17.33257298,78.56154263
Rtc Colony Twd Chintalkunta Check Post,17.33769966,78.55848945
Jahangir Nagar Colony,17.33973816,78.55701777
Vivekananda Nagar Clny,17.4936441,78.41042963
Allwyn Colony Phase 1,17.50199905,78.41888934
Jagadgiri Gutta,17.50204094,78.42614204
Allwyn Colony Phase 1,17.50199201,78.41892891
Vivekananda Nagar Clny,17.49360848,78.41057986
Sumithra Nagar-Kukatpally,17.489,78.409
Darga,17.41190303,78.3950311
Ou Colony,17.40683875,78.39198545
Panchavati Colony  Manikonda,17.40734615,78.38752896
Manikonda,17.4062509,78.37622578
Manikonda,17.40629249,78.37627205
Panchavati Colony  Manikonda,17.40739222,78.38752225
Ou Colony,17.40685987,78.39197203
Konapur-Vangoor,16.54458502,78.54708091
Jangareddy Pally-Amangal,16.84701556,78.5571492
Mile Stone,16.83857505,78.57226608
Chandryanplly,16.81920702,78.63278742
Irvin,16.79072013,78.70558262
Ramchendragudem Twd Afzalgunj,17.12974312,78.3858445
Nandipally Twd Afzalgunj,17.18831398,78.40238034
Indiranagar Colony Ibp,17.18510572,78.64482152
Md Lines,17.39200593,78.41712177
Moti Darwaza,17.38473129,78.41044536
Md Lines,17.3920648,78.41709494
Lakdikapool,17.40380267,78.46484631
Darga Twd Narayapur,17.1708067,78.80753874
Tumbai Tanda,17.1979894,78.82616937
Allapur-Choutuppal,17.2129013,78.83087933
Yenuganti Thanda,17.1963931,78.84333551
Venkambai Thanda,17.17544505,78.85439157
Factory Twd Narayanapuram,17.17118981,78.8588199
Narayanapur-Choutuppal,17.16199613,78.8820827
Factory Twd Allapuram,17.17102965,78.85894865
Venkambai Thanda,17.17554243,78.85425746
Yenuganti Thanda,17.19630086,78.84339988
Allapur-Choutuppal,17.21290389,78.83043142
Darga Twd Arutla,17.17065294,78.80756557
Gandi Mysamma Temple-Abdullahpurmet,17.31491164,78.67464333
Jnnurm Colony,17.31875135,78.67622316
Sirigiripur,17.15417168,78.43693793
Cherlapally Water Tank,17.47116566,78.59695584
Sai Brundavanamam,17.34221525,78.73538195
Sai Brundavanamam,17.342,78.727
Sai Brundavanamam,17.34228182,78.73551607
Khader Bhai Hotel-Moinabad,17.32600028,78.27418149
Poultry Farm-Moinabad,17.30901567,78.27344656
Surangal Quarters,17.30687484,78.27404201
Surangal,17.29783763,78.27326149
Surangal,17.29783251,78.27319175
Surangal Quarters,17.30687227,78.27397764
Poultry Farm-Moinabad,17.30908483,78.27338219
Khader Bhai Hotel-Moinabad,17.32603102,78.27415466
Sri Ram Nagar-Moinabad,17.2673324,78.25576544
Pc Tanda,17.13138944,78.79539219
Narsinghi,17.385388,78.354832
Gachibowli,17.43806751,78.36312353
Nanakramguda,17.419286,78.358024
Corporate Bhavan,17.37054555,78.58933925
Drf,17.38201048,78.58026981
Jai Puri Colony,17.37868028,78.57201129
Bandlaguda,17.37893622,78.56918089
Jai Puri Colony,17.3789126,78.57207834
Drf,17.38205911,78.58015716
Reddipalle-Moinabad,17.37336876,78.24603975
Mothukupalle-Moinabad,17.38290382,78.25355531
Rampally X Rds,17.49390313,78.60556612
Bandlaguda Village,17.50147209,78.62290889
Cheeryal X Road,17.50705114,78.627702
Cheryal,17.51772792,78.627
Yadgarpalle East,17.547731,78.63258898
Drdo,17.56759493,78.629
Yadgarpalle East,17.54762362,78.63250852
Cheeryal X Road,17.50676206,78.62791121
Bandlaguda Village,17.50138512,78.62307787
Rampally X Rds,17.49362381,78.60541285
Hmt Nagar Nacharam,17.42364348,78.54679417
Ngri,17.41543991,78.54587324
Nanajipur Shamshabad,17.228,78.287
Guduru-Kothur,17.20663948,78.27654719
Patny Taj Tristar,17.44033471,78.49500505
Kokapet,17.39321578,78.34116347
Narsinghi,17.38776401,78.35721664
Malreddyguda,17.30396839,78.14620795
Pamena,17.29900801,78.14610066
Allwada,17.25469686,78.13655198
Sagar College,17.34398183,78.13082278
Urella,17.35600952,78.13311875
Urella,17.35745099,78.13036412
Sagar College,17.34377694,78.13089252
Devuni Erravelly,17.33714847,78.14352589
Jbiet College Amdapur X Road Bus Stop,17.33111873,78.29715991
Murthuzaguda X Road,17.31194513,78.28817725
Murthuzaguda,17.31050601,78.28267873
Murthuzaguda X Road,17.30608613,78.28885314
Nazeebnagar/Nadeempet,17.29909508,78.28933596
Kasimbouli X Road,17.28445919,78.2927289
Amdapur-Moinabad,17.27758777,78.29124567
Amdapur-Moinabad,17.27768998,78.29149515
Kasimbouli X Road,17.28464336,78.29279597
Kasimbouli,17.28655161,78.2966315
Kasimbouli X Road,17.28460493,78.29261891
Nazeebnagar/Nadeempet,17.299,78.289
Murthuzaguda X Road,17.30619882,78.28879416
Murthuzaguda,17.31058027,78.28265191
Murthuzaguda X Road,17.31204756,78.28825235
Kasimbouli,17.28671528,78.29674417
Sajjan Pally X Road,17.3000567,78.22792947
Sajjanpally-Moinabad,17.29736659,78.21860075
Kethireddypally-Moinabad,17.27308494,78.22346092
Kethireddypally-Moinabad,17.27307984,78.22338589
Sajjan Pally X Road,17.30009129,78.22791338
Sri Manikeshwari Matha Temple,17.37567755,78.13128412
Kothapalle-Shankarpally,17.37398556,78.11837178
Kothapalle-Shankarpally,17.3741136,78.11832887
Sri Manikeshwari Matha Temple,17.37570576,78.13138604
Kammeta X Roads,17.38319819,78.14932198
Dearlapalle,17.40568374,78.14223294
Eerlapally X Road,17.40548165,78.15095812
Kokapet,17.4002,78.3531
Sarvaravulapalle X Road-Kandukur,17.05093935,78.53887662
Virat Nagar,17.3979319,78.40500019
7 Tombs,17.39802949,78.40033717
Shaikpet,17.40240202,78.38046335
Vinayak Nagar,17.40088233,78.36712539
Govt Head Quarters,17.39982998,78.36499525
Andhrabank,17.397683,78.36495146
Puppalguda,17.39577364,78.36318388
Narsinghi,17.39047657,78.3579975
Puppalguda,17.40211376,78.3734886
Andhrabank,17.39767788,78.36491525
Govt Head Quarters,17.39982785,78.36494208
Vinayak Nagar,17.40093352,78.36713612
Shaikpet,17.40251112,78.38055052
7 Tombs,17.39752175,78.40069793
Virat Nagar,17.39799525,78.40514839
Shaikpet,17.40240202,78.38046335
Almas Hotel,17.34331,78.46614
Boystown,17.344176,78.461821
Kalapattar,17.345292,78.45647
Boystown,17.344195,78.461885
Almas Hotel,17.343531,78.466024
Janapriya Lenin Nagar,17.31787265,78.5239755
Kalij Khan Darga,17.34140101,78.37288678
Hostel Twd Srinidhi School,17.349,78.348
Sri Nidhi School,17.34121681,78.34047228
Aziz Nagar,17.33613179,78.327383
Nagireddiguda,17.3019069,78.33128571
Nagireddiguda,17.30189154,78.33138763
Aziz Nagar,17.33620111,78.32731068
Sri Nidhi School,17.34122705,78.34025234
Mile Stone,17.349,78.348
Himayath Sagar,17.34,78.362
Kalij Khan Darga,17.34158542,78.37289885
Fathimapuram,17.16766737,78.27859103
Theegapur,17.16067366,78.2709682
Chengicherla X Rd,17.411715,78.606892
Rtc Colony-Cgcl,17.41980601,78.60681832
Mile Stone,17.44915889,78.61158729
Ioc X Roads,17.44905878,78.61154437
Kothur-Sdnr,17.1475507,78.28866005
Nyamathapur,16.97873629,78.43795985
Makthamadharam,16.97095551,78.44956578
Konaipalle-Medchal,17.68651859,78.45993517
Mehdipatnam,17.39860183,78.44412625
Mm Kunta,17.24494246,78.5750335
Koheda X Road-Thorrur,17.2829045,78.642084
Neelakanta Twd Peerlagudem,17.27861201,78.73256564
Peerlagudem,17.27626348,78.74219209
Peerlagudem,17.27620459,78.74224305
Neelakanta Twd Mazidpur,17.27851981,78.732512
Adibatla X Roads,17.22867276,78.50965396
Adibatla X Roads,17.22863802,78.50965795
Jannai Guda,17.1984243,78.5092923
Raviryal Gate Twd Charminar,17.25902318,78.47508429
Raviryal Gate Twd Amangal,17.25890178,78.47547058
Toli Chowki,17.39941586,78.41594696
Hakimpet-Tolichowki,17.40300029,78.41710433
Hakimpet Kunta,17.40726297,78.41402918
Hakimpet-Tolichowki,17.40276104,78.41734715
Zia Talkies,17.39314198,78.45698837
Bazar Ghat,17.39427967,78.46262187
Nampally Darga,17.391,78.467
Board Of Intermediate,17.39,78.469
Nampally Darga,17.391,78.466
Bazar Ghat,17.39420844,78.46251614
Zia Talkies,17.39308864,78.45701695
D Mart,17.33142079,78.56593073
Bdl Quarters Dathu Nagar,17.33130813,78.50882113
Nallagandla,17.47724832,78.30654368
Indira Nagar,17.471801,78.293052
Tellapur,17.47016908,78.28822015
Bojya Tanda,17.4447,78.2404
Edulanagulapalle,17.4406,78.2264
Baljaguda,17.33881387,78.68353486
Baljaguda,17.33886125,78.6835724
Gayathri Nagar-Injapur,17.31376831,78.5811925
Venkateshwara Colony-Injapur,17.31311793,78.58405173
Bhavani Enclave,17.307,78.587
Injapur-Hyd,17.302,78.586
Injapur-Hyd,17.30188642,78.58613311
Bhavani Enclave,17.30728459,78.58717917
Venkateshwara Colony-Injapur,17.31316146,78.58407855
Gayathri Nagar-Injapur,17.31376194,78.58122603
Chinna Golconda,17.21607548,78.38903527
Theegapur,17.160597,78.270903
Pulimaktha Village Twd Shamsabad,17.16917684,78.35921288
Nagireddipalle-Maheswaram,17.16341601,78.36311285
Sanghiguda,17.19969585,78.38540196
Pulimaktha Village Twd Ameerpet,17.1691589,78.35931211
7 Tombs,17.39737584,78.40094804
Banjara Darwaza,17.39230028,78.39978397
Alijapur,17.39231325,78.3920002
Secratariate Colony,17.39404592,78.38604569
Ysr Enclave,17.39010158,78.38252395
Ysr Enclave,17.39021685,78.38264197
Secratariate Colony,17.39404717,78.38610739
Alijapur,17.39237386,78.39200422
Banjara Darwaza,17.3923937,78.39984164
Ahmed Nagar Bus Station-Mh,17.40370196,78.44101286
Thommidi Rekula ( 9 Rekula ),16.87713121,78.32483777
Rampur,16.84760124,78.40525025
Medakpally,16.83777387,78.41854329
Mile Stone,16.82334576,78.42608571
Urkonda,16.73173864,78.41177881
Medakpally Mielstone Twd Afjalgunj,16.82329441,78.42599988
Medakpally-Talakondapalle,16.83434389,78.41903689
Rampur-Thalakondapally,16.84767204,78.40571168
Lingamdana,16.8696794,78.32749845
Antareddyguda Twd Chegur,17.13609471,78.25700997
Narsappaguda Twd Chegur,17.15438431,78.25183868
Narsappaguda Twd Kothur,17.15448693,78.25201034
Antareddyguda Twd Kothur,17.13607428,78.25733183
Kondareddipally-Keshampeta,16.93117723,78.29006553
Gandhi Shankarpally,16.901613,78.3876591
Gandhi Shankarpally,16.90167164,78.38771939
Turkalapally-Keshampeta,16.91047372,78.37009151
Kalwakole,17.12681599,78.36155171
Ramakrishnapuram,16.91774144,78.35244298
Lingaraopally,16.91384602,78.36091353
Lingaraopally,16.91396406,78.3609724
Ramakrishnapuram,16.91778763,78.35251271
Gurbagh Puranapul Twd Cbs,17.36914325,78.46918546
Shaikpet,17.402869,78.399996
Kawaguda,17.27828418,78.34048031
Vidyanagar,17.4034981,78.51077646
Gsi,17.36288401,78.56903297
Ramkoti,17.3905172,78.48519757
Babukhanestate,17.37149845,78.54092726
Babukhanestate,17.37150251,78.54087888
Patny,17.44388644,78.49568903
Thommidi Rekula ( 9 Rekula ),16.87982048,78.32098603
Ekwaipally,16.86488711,78.31200063
Pedda Adiryal,16.85196511,78.29838567
Ekwaipally,16.86464582,78.31201136
Chinna Adiryal,16.83821564,78.29924808
Konded,16.8321774,78.2848084
Singamdoddi,16.81523769,78.26743302
Donur,16.7904595,78.26484204
Thummaloor,17.12866666,78.46026778
Kollapadkal,17.08050726,78.36378336
Pedda Adiryal,16.85252423,78.28669783
Chinna Adiryal,16.838216,78.299207
Konded,16.831947,78.284805
Singamdoddi,16.815262,78.267558
Donur,16.79042225,78.26501235
Vaspula,16.77807169,78.26645138
Ranipet,16.74846205,78.26872542
Vaspula,16.77805757,78.26651976
Quthubullapur X Road,17.50778524,78.46013367
Madannapet,17.35804734,78.50514651
Mile Stone,17.09234578,78.46610001
Pochamma Gadda Twd Peddamma Thanda,17.09238303,78.42322112
Mile Stone,17.09243169,78.42315539
"Kamla Nagar, As Rao Nagar",17.47648847,78.5672477
Radhika,17.47756653,78.56228532
As Rao Nagar,17.47998837,78.55679507
Sharada Theater,17.48131876,78.55454485
Sainikpuri,17.48318465,78.55027903
Vayupuri Sainikpuri,17.48351115,78.5458222
Neredmet X Road,17.48202477,78.5371305
Vajpayee Nagar,17.478,78.538
Neredmet,17.473,78.539
Krupa Complex Bus Stop Hyd_D,17.4648426,78.53864696
Safilguda,17.46052849,78.53555202
Anand Bagh X Roads,17.45847647,78.53662893
Rk Nagar,17.45527301,78.53555471
Vani Nagar Malkajgiri,17.45212194,78.53351623
Anutex,17.45033721,78.53310853
Malkajgiri,17.44998531,78.5360579
Sairam Theatre Malkajgiri,17.44607169,78.53560299
Mirjalguda,17.44207892,78.53218853
Board Of Intermediate,17.39,78.469
Agapura,17.382,78.464
Beerbanbagh,17.377,78.464
Beerbanbagh,17.377,78.464
Agapura,17.382,78.464
Aykar Bhavan,17.40128434,78.47387708
Bio Diversity,17.429606,78.374823
Mind Space Centre,17.44188027,78.37711134
Tcs Deccan Park,17.44631223,78.3773768
Cyber Gateway,17.44738459,78.37801518
Hitech City,17.45208993,78.38144436
Chandranaik Thanda,17.46644975,78.38583695
Kphb 4Th Phase,17.473316,78.387581
Forum Mall,17.48400235,78.3896935
Kphb Colony,17.4876248,78.39127865
Jntu,17.4946522,78.39452148
Kphb Colony,17.48739979,78.39145636
Forum Mall,17.48360069,78.38981152
Kphb 4Th Phase,17.473173,78.387857
Chandranaik Thanda,17.46649766,78.38593841
Hitech City,17.450868,78.380396
Tcs Deccan Park,17.44630199,78.37762356
Mind Space Centre,17.44180064,78.37724201
Ram Nagar,17.41086044,78.50725739
Annamacharya College,17.303444,78.734889
Mount Opera,17.306361,78.719611
Juloor,17.3826942,78.78634823
Khapraipalle,17.397,78.808
Peddaravulapalle,17.408,78.835
Pedda Ravula Palle,17.40804661,78.83710834
Lingampally,17.49520733,78.3172601
Chinna Kondur,17.299278,78.900798
Peddakodur Kalan,17.317341,78.903445
Nakkalagudem,17.341927,78.917149
Thummalaguda,17.332,79.053
Sangam,17.36132291,78.93153192
Verkatpalle,17.345,78.943
Nemili Kalawa Valigonda,17.343,79.01
Gokaram X Road,17.33369192,78.99753571
Nagaram -Valigonda,17.35668034,79.02914017
Valigonda,17.37892086,79.01767904
Gokaram,17.33369314,78.99746403
Verkatpalle,17.345,78.943
Nakkalagudem,17.34191,78.917177
Peddakodur Kalan,17.317421,78.903534
Chinna Kondur,17.299286,78.900862
Devalamma Nagaram,17.24376148,78.84563148
Peepal Pahad,17.22203229,78.84791136
Allapur-Choutuppal,17.21316773,78.83082032
Peepal Pahad,17.22208012,78.84802093
Devalamma Nagaram,17.2438,78.8455
Bhimanpalli Pochampally,17.328,78.836
Kanumukula,17.33140288,78.83479535
Jiblak Palle,17.315,78.866
Dantur,17.339,78.878
Vanka Mamidi,17.356,78.883
Challavanigudem-Sangam,17.3586167,78.89549364
Dharma Reddy Palle,17.362,78.908
Sangam,17.362,78.933
Gokaram - Valigonda,17.34295999,78.9723713
Gokaram X Road,17.33360736,78.9972353
Golle Palle,17.34244823,79.00962979
Nagaram -Valigonda,17.357,79.029
Nagaram -Valigonda,17.35661274,79.02925886
Thummalaguda,17.332,79.053
Bogaram,17.3052859,79.0729041
Ramannapet,17.2858394,79.09431517
Neernemula,17.317,79.094
Shobhanadripuram,17.35,79.095
Laxmapur,17.349,79.116
Shobhanadripuram,17.351,79.096
Neernemula,17.317,79.094
Valigonda,17.37832197,79.01797145
Nagaram -Valigonda,17.35638807,79.02891756
Golle Palle,17.342457,79.009793
Gokaram - Valigonda,17.34288316,78.97242495
Dharma Reddy Palle,17.361,78.909
Challavanigudem-Sangam,17.35846727,78.89553672
Vanka Mamidi,17.357,78.883
Dantur,17.34309593,78.86300938
Jiblak Palle,17.31566854,78.86531339
Kanumukula,17.33139779,78.83464784
Bhimanpalli Pochampally,17.32759536,78.83559457
Pochampally,17.34647058,78.81960871
Peddagutta Tanda,17.21928588,78.2656038
Botiguda,17.22875623,78.26218128
Botiguda,17.229,78.261
Peddagutta Tanda,17.21938836,78.26568961
Deepthi Sri Nagar,17.494731,78.345525
Panthangi Toll,17.23304516,78.96043199
Gundram Palle,17.23297376,78.98545068
Veliminedu-Chityala-Nlg,17.23402228,79.02178615
Pedakaparthy,17.22991783,79.07379426
Chityala Bs,17.23266915,79.12402868
Gundram Palle,17.23263976,78.9855402
Thallapalle-Shabad,17.23002543,78.12297462
Venkammaguda Twd Thimmareddy Guda,17.2289392,78.11047555
Timmareddyguda,17.23614301,78.11129073
Etlaerravaly-Shabad,17.246,78.094
Venkammaguda Twd Nagarguda,17.2289392,78.11077593
Thallapalle-Shabad,17.23014839,78.12282444
Manchirevula,17.38699931,78.35100798
Gar Kokapet,17.4048393,78.3302343
Nallacheruvu,16.83218768,78.7000681
Kawaguda,17.27859153,78.34013696
Mekaguda-Kothur,17.10149203,78.28134889
Mile Stone,17.16397963,78.13569904
Peddaveedu,17.20640419,78.20510267
Mile Stone,17.21530752,78.18708219
Milestone,17.20946538,78.18189196
Naredlagudem,17.14203536,78.14840323
Govt Junior College-Bhel,17.49270801,78.31038058
Water Tank Twd Oldmig,17.48400564,78.2980887
Mig-Bhel,17.48324122,78.29657658
Annamayya Enclave,17.4841,78.2825
Wipro,17.43828758,78.34828017
Tngos Colony,17.44283091,78.33324507
Tngos Colony,17.44294242,78.33326993
Wipro,17.43832384,78.34798962
Chinna Solipet,17.24505823,78.22870731
Pedda Solipet,17.23371531,78.22347164
Rk Puram,17.47652777,78.52605493
Gouse Konda Tanda,17.3765,78.849139
Gouse Konda Tanda,17.3764174,78.849172
Canara Nagar,17.40729559,78.59486908
Chengicherla X Rd,17.41147372,78.60709995
Cpri,17.41310848,78.61496419
Narapally,17.41783959,78.63098536
Vijayapuri Colony,17.42219628,78.63892838
Jodimetla X Rd,17.42492174,78.64481714
Vibhav Colony,17.42759603,78.64904164
Annojiguda,17.4339271,78.6560154
Shivareddy Guda Ghatkesar,17.44549852,78.67441535
Ghatkesar,17.452134,78.682311
Shivareddy Guda Ghatkesar,17.44496507,78.67399829
Annojiguda,17.43329631,78.65504444
Vibhav Colony,17.42734524,78.64900947
Jodimetla X Rd,17.42427559,78.64387438
Vijayapuri Colony,17.42181497,78.63849521
Narapally,17.41773751,78.63093439
Cpri,17.413,78.615
Chengicherla X Rd,17.41135408,78.60705838
Canara Nagar,17.40742802,78.59570923
Tatianaram 1,17.365,78.588
Jayaprakash Nagar Colony,17.3502,78.6332
Pallavi Eng College,17.349816,78.60905437
Film City Gate,17.24167855,78.70512463
Alinagar Juloor,17.3836039,78.78021776
Dabilpur Railway Station,17.36640041,78.49030889
South End Park,17.35648694,78.56603
Sultanpalle,17.26783782,78.3035453
Bongloor Village,17.23078366,78.57897699
Mile Stone,17.31801439,78.4343504
Netaji Nagar-,17.31102327,78.42698693
Bhel Church,17.49936426,78.30840112
Bhel Keerthimahal,17.49654522,78.29747915
Lig Colony-Bhel,17.50381269,78.29158366
Mind Space Centre,17.44194673,78.37677866
Film City Gate,17.24164653,78.70517693
Chermas Malakpet,17.37300259,78.50529671
Sagar Society,17.42502316,78.43352594
Jubilee Hills Checkpost,17.42612647,78.41517046
Apollo Hospital-Jublie Hills,17.417681,78.411312
Film Nagar,17.41408302,78.40816313
Film Nagar,17.41512646,78.40901066
Apollo Hospital-Jublie Hills,17.418058,78.411197
Sagar Society,17.4250676,78.43328744
Loyola Junior College,17.50275105,78.48449349
Hanuman Temple-Karkhana,17.465,78.504
Hanuman Temple-Karkhana,17.46504169,78.50371961
Alwal,17.50254126,78.51382346
Loyola Junior College,17.50256696,78.4845686
Himayath Sagar,17.32540363,78.3748662
Ankireddy Pally X Road,17.25546039,78.94352454
Panthangi,17.23585992,78.95200487
Panthangi,17.23571166,78.95170681
Reddybai-Cpl,17.22941226,78.97223715
Mile Stone,17.24001443,79.02346604
Reddybai-Cpl,17.22918514,78.97227465
Is Sadan,17.35143714,78.50839198
Mehdipatnam-Hyd,17.39391532,78.44241231
Tellapur,17.47036611,78.28812092
Indira Nagar,17.47193703,78.29297304
Pedda Solipet,17.23399046,78.22362185
Chinna Solipet,17.24505739,78.22853565
Vidya Nagar,17.40500372,78.51072454
Cherlapally,17.45713831,78.60813427
Race Course-Sec Bad,17.45076484,78.48819695
Tadbund,17.45646278,78.48426283
Bowenpally,17.46297452,78.47253621
Balnagar,17.467078,78.445087
Kphb Temple Bus Stop,17.487762,78.39551
Kphb,17.49455752,78.40080993
Indra Nagar-Boduppal,17.42167165,78.58246385
Wipro Circle,17.42559514,78.34062483
Suryanagar Shivalayam,17.3314,78.6168
Hariharapuram,17.3138,78.5686
Mangalgadda Thanda,17.02730389,78.55298632
Rajkhanguda-Amangal,16.96650191,78.47603914
Padkal,16.9365993,78.4026985
Banjara Colony,17.31329317,78.61032503
Rajiv Gruha Kalpa Torrur,17.291,78.606
Kphb,17.49220149,78.40192705
Peerzadiguda,17.395,78.593
Uppal Depot,17.40463414,78.58966288
Mile Stone,17.2349601,78.58237468
Rice  Mil Adibatla,17.21606159,78.54572296
Raigiri Railway Station,17.54797655,78.93824011
Gudur Toll,17.48585184,78.82121285
Bibi Nagar,17.46718602,78.79323721
Raheem Khan Guda,17.45108948,78.79452199
Raghavapur-Bibinagar,17.42198387,78.79060596
Lower Tankbund,17.4126582,78.47857833
Ramakrishna Mutt,17.41168295,78.48202854
Ntr Stadium,17.41072192,78.48526597
Ntr Stadium,17.41061315,78.48492801
Ramakrishna Mutt,17.41130929,78.48271519
Lower Tankbund,17.41257745,78.47839549
Ntr Garden,17.41426787,78.46781552
Thril City,17.43554478,78.47453353
Ramanthapur Rtc Colony,17.39358908,78.53456173
Nmdc,17.398976,78.449559
Ranganayakula Colony,17.26,78.4712
Future City,17.0523,78.5246
Vasavi Trends,17.4147,78.3544
Financial District,17.41552283,78.33384085
Habsiguda [Pb],17.41900392,78.54172134
Rajeev Gruhakalpa-Ymjl,17.25767,78.600337
Erragadda,17.45635847,78.43436108
Sanath Nagar Bus Station,17.4554317,78.44788402
Fathenagar Twd Balnagar,17.45891143,78.44985009
Race Course-Sec Bad,17.4513068,78.4862204
Thokatta,17.46072295,78.47558857
Bowenpally,17.46297452,78.47253621
Ferozguda-Balnagar,17.46268923,78.46197769
Shobhna-Balnagar,17.463568,78.453043
Shobhna-Balnagar,17.4639,78.453135
Ferozguda-Balnagar,17.46282388,78.46210375
Bowenpally,17.46369604,78.47318262
Tivoli,17.44906294,78.49247575
Paradise,17.44504816,78.48706305
Race Course-Sec Bad,17.4513068,78.4862204
Ferozguda-Balnagar,17.46268923,78.46197769
Shobhna-Balnagar,17.463568,78.453043
Govt Degree College Kukatpally,17.48175519,78.41551512
Vasanth Nagar Bus Stop,17.498712,78.386862
Hakimpet,17.54698684,78.53509471
Cisf Hakimpet,17.5426168,78.53070661
Kot Temple-Bolarum,17.53596156,78.52417414
Risala Bazar,17.52839099,78.51781189
Sadhana Mandhir,17.52585494,78.51820208
Contonment Hospital,17.52193276,78.51939976
Contonment Hospital,17.52164373,78.51790309
Bollaram Bazar,17.51798609,78.51657285
Lakadwala Colony,17.51287051,78.52038156
Alwal Raithu Bazar Twd Secunderabad,17.50696668,78.51614894
Lothukunta,17.49394552,78.51284377
Rashtrapathi Nilayam,17.50129062,78.51895988
Eme Centre,17.49821,78.5275
Ammuguda,17.49687107,78.5325114
Jj Nagar,17.49960471,78.53708223
Yapral,17.50478384,78.5401237
Yapral Zphs,17.50794,78.54091
Hanuman Temple-Yapral,17.51304177,78.54042023
Meghadri Heights,17.51292,78.54226
Poultry Farm Balaji Nagar,17.51327453,78.55431139
Balajinagar-Jawahar Nagar,17.51287,78.56261
Chennapuram,17.51499854,78.56919765
Bhagya Nagar Colony,17.51849597,78.57463917
Dental College,17.52264989,78.57826989
Malkaram Bus Stop,17.52417079,78.58109459
Crpf X Roads,17.52836022,78.59022349
Malkaram Bus Stop,17.5323256,78.5829014
Farah Nagar,17.5340459,78.5747391
Malleguda,17.53457245,78.56885534
Crpf Hyd Bus Stop,17.5339665,78.56226684
Malleguda,17.53472782,78.56886908
Dental College,17.52251211,78.57828096
Bhagya Nagar Colony,17.51831149,78.57461262
Chennapuram,17.51498319,78.56931031
Balajinagar-Jawahar Nagar,17.51279,78.5627
Poultry Farm Balaji Nagar,17.51315178,78.55430603
Meghadri Heights,17.5129,78.54254
Hanuman Temple-Yapral,17.5125481,78.54014933
Yapral Zphs,17.50843,78.54114
Yapral,17.50477706,78.54027137
Jj Nagar,17.49957273,78.53709698
Ammuguda,17.49679079,78.53208127
Rashtrapathi Nilayam,17.50130073,78.51914227
Cp Office Bus Stop,17.431627,78.371956
Bachupally,17.54102544,78.36378604
Rajeev Gandhi Nagar 2-,17.53536563,78.36518884
Nizampet Village,17.5161087,78.38216722
Nizampet X Road,17.49948594,78.38946819
Nizampet Village,17.51604472,78.38209748
Rajeev Gandhi Nagar 2-,17.53594615,78.36486161
Dargha Bachupally,17.54368524,78.37956013
Sai Nagar,17.5356433,78.38731958
Dargha Bachupally,17.54341403,78.3788304
Thokatta,17.460756,78.475831
Doolapally X Road,17.54020701,78.49068404
St Martins Engg College,17.544174,78.475983
Apparel Park X Roads,17.54819457,78.4618761
Drs International School,17.557019,78.464709
Apparel Park,17.563796,78.466297
Maisammaguda,17.562213,78.45370442
Bahadurpally,17.55849384,78.44114967
Suraram Village X Road,17.55701923,78.41119952
Bowrampet X Road,17.56247638,78.41330498
Pragathi Nagar Bachupally,17.54071327,78.39367111
Ida X Road,17.53436675,78.35747653
Volvo Bachupally,17.5294933,78.35569651
Cococola,17.52183524,78.35657995
Makta,17.5190691,78.35613903
Koteshwara Temple,17.53446785,78.52399707
Kowkoor,17.52572076,78.53329357
Kowkoor X Road,17.526906,78.542347
Mile Stone,17.50193382,78.5392461
Cavalry Barracs,17.49557,78.52121
Nagmandir,17.48586,78.51677
Lalbazar,17.47915369,78.51132027
Lalbazar,17.47900844,78.51433039
Nagmandir,17.48823,78.51683
Cavalry Barracs,17.496,78.52108
Eme Centre,17.49842,78.52683
Mile Stone,17.50193637,78.53922665
Ex Serviceman Colony,17.51257592,78.55796792
Bachupally,17.54107661,78.36367607
Mallampet-Ameennpur,17.559,78.365
Cococola,17.52215624,78.3563523
Miyapur-2 Bus Depot,17.5125224,78.36011641
Mallampet-Ameennpur,17.55615755,78.36278831
Hmt,17.50615773,78.36249925
Hmt Colony-Miyapur,17.5170688,78.33962624
Miyapur Depot,17.51241582,78.36013239
Telephone Exchange,17.483,78.393
Kphb 4Th Phase,17.47117332,78.38808686
Bongloor Village,17.23411408,78.58343482
Rice  Mil Adibatla,17.21696018,78.5451584
Miyapur X Road,17.498,78.362
Rangapuram,17.50597804,78.36223774
Mayuri Nagar Bus Stop,17.50998762,78.36176361
Makta,17.51966853,78.35599246
Volvo Bachupally,17.5296185,78.35527521
Ida X Road,17.53450704,78.35752153
Sri Chaitanya Junior College-Bachupally,17.54128118,78.36851209
Indira Nagar Twd Gandimaisamma,17.54343126,78.37262416
Vnr College,17.54213539,78.38597059
Pragathi Nagar Bachupally,17.54158806,78.38882448
Kaisar Nagar,17.54173138,78.39748257
Drk College,17.5495878,78.40368386
Suraram Village X Road,17.5571379,78.41088327
Bowrampet X Road,17.56254799,78.41315478
Drk College,17.54892771,78.40374829
Kaisar Nagar,17.54112756,78.39724118
Vnr College,17.54195374,78.38555476
Sri Chaitanya Junior College-Bachupally,17.54110463,78.36861675
Bachupally,17.54075943,78.36343198
Mayuri Nagar Bus Stop,17.51002312,78.36198695
Jeedimetla Bus Depot,17.5278232,78.44049455
Prashasan Nagar,17.41826921,78.40068184
Prashasan Nagar,17.41843684,78.40085953
Lanco Appartments,17.40883696,78.37270439
Chithrapuri Colony,17.41508998,78.38261315
Niharika Exotica-Manikonda,17.41442808,78.36782083
Lanco Appartments,17.40896498,78.37280363
Niharika Exotica-Manikonda,17.41446474,78.36770874
Madhapur Metro,17.43788063,78.40015946
Venkatagiri,17.43073719,78.42074796
Krishnanagar,17.43271224,78.42631736
Yousufguda Check Post,17.43662673,78.42798472
Krishna Kanth Park,17.441268,78.43187
Kalyan Nagar,17.4444,78.433
Ameerpet,17.43418296,78.44604401
Sheesh Mahal,17.434691,78.448929
Lal Bungalow,17.43607154,78.45246792
Green Land,17.43563075,78.45448193
Rajiv Circle  Green Lands,17.43527824,78.4550643
Lal Bungalow,17.43493917,78.45128909
Ameerpet,17.43476387,78.44796717
Sathyam Theatre Ameerpet,17.43741752,78.44807982
Krishnanagar,17.43281652,78.42648969
Indra Nagar-Jubilee Hills,17.4294795,78.42480496
Venkatagiri,17.43061649,78.42100963
Hcu Depot,17.467007,78.33040595
Chirec School,17.46349647,78.34762573
Sangeeth,17.44025949,78.50722599
Vinayak Nagar X Rd Safilguda,17.46920073,78.53900805
Santhoshi Mata Temple,17.46874406,78.54401171
Old Safilguda,17.46914575,78.54893625
Sainath Puram,17.476,78.552
Old Safilguda,17.46912775,78.54904354
Sainath Puram,17.47612256,78.55169088
Santoshima Nagar,17.46868261,78.54433626
Rail Nilayam,17.4388351,78.50971425
Bahadur Pally X Road,17.56032954,78.43142324
Ramalayam Bahadurpally,17.5596999,78.43873836
Bahadurpally,17.55885889,78.44081607
Mrit College,17.560278,78.451349
Apparel Park,17.56373451,78.46660853
Drs International School,17.55682994,78.46484899
Apparel Park X Roads,17.54807629,78.46202731
Gandhi Statue Doolapally,17.54618861,78.4691754
St Martins Engg College,17.54396659,78.47742842
Gandhi Statue Doolapally,17.54608916,78.46917257
Dulapally,17.54661091,78.46686065
Mrit College,17.560226,78.451606
Bahadur Pally X Road,17.56,78.432
Pocharam,17.55092926,78.24529381
Dgqa,17.469,78.503
Apcpcdl-Tirumalagiri,17.471,78.501
Rtc Colony Bowenpally,17.47326497,78.49951386
Kabela-Bowenpally,17.476,78.498
Teachers Colony Lalbazar,17.48100912,78.50188896
Subhash Nagar X Rd Lalbzazar,17.48306857,78.49975258
Subhash Nagar Lal Bazar,17.48488751,78.50270703
Bhudevinagar,17.49140353,78.50304365
Gollaguda,17.487,78.504
Subhash Nagar Lal Bazar,17.4849617,78.50281298
Teachers Colony Lalbazar,17.48106284,78.50191176
Kabela-Bowenpally,17.476,78.498
Apcpcdl-Tirumalagiri,17.471,78.502
Dgqa,17.469,78.503
Gollaguda,17.487,78.504
Kistamma Enclave,17.5,78.496
Anjaiah Nagar,17.452137,78.363446
Kothaguda-Kondapur,17.45851295,78.36621874
Anjaiah Nagar,17.451991,78.363804
Chengicherla Bus Depot,17.419262,78.609977
Chengicherla,17.43312997,78.60845312
Chengicherla,17.43328671,78.60856578
Sai Nagar Colony,17.42659031,78.60664129
Rtc Colony-Cgcl,17.41983672,78.60687733
Sai Nagar Colony,17.42657112,78.60656485
Aoc Swimming Pool,17.45914432,78.51594776
Laxmi Nagar West Marredpally,17.45500306,78.50320861
Middle Tank Band,17.41,78.476
Laxmi Nagar West Marredpally,17.45501838,78.50314423
Aoc Swimming Pool,17.45918201,78.51591356
Beeramguda,17.51694503,78.30003932
Raghavendra Colony,17.53050872,78.29836696
Bhel M Enclave,17.53938863,78.28932524
Chennapur Ntr Statue,17.51533618,78.57104301
Devendar Nagar Twd Dammaiguda,17.51431815,78.5727033
Sathyanarayana Colony-Nagaram,17.48593051,78.61454276
Annapurna Clny Nagaram,17.48207984,78.61649171
Rtc Colony,17.47966726,78.6231285
Rtc Colony Rampally,17.47810442,78.62590022
Bharath Nagar-,17.47094985,78.63397327
Laxmi Nagar-Rampally,17.46951255,78.63638196
Rampally Ghatkesar,17.46706821,78.64269018
Pogulaguda,17.45633966,78.65942415
Kitti Steels Limited,17.44958632,78.66149645
Edulabad X Rds,17.45096826,78.68075375
Edulabad X Rds,17.45049265,78.68046306
Kitti Steels Limited,17.44951962,78.66128219
Pogulaguda,17.45617306,78.65933254
Rampally Ghatkesar,17.46717055,78.64133835
Laxmi Nagar-Rampally,17.46887229,78.63704748
Bharath Nagar Twd Rampally X Roads,17.47099245,78.6337181
Rtc Colony Rampally,17.47794676,78.62583518
Rtc Colony,17.47953487,78.62316974
Annapurna Clny Nagaram,17.48197875,78.61639112
Sathyanarayana Colony-Nagaram,17.48570801,78.61456172
Devender Nagar Twd Secunderabad,17.51428234,78.57260406
Lalbazar,17.47893432,78.51414533
Lakadwala Colony,17.51295611,78.52026613
Bollaram Bazar,17.51759475,78.51655662
Contonment Hospital,17.52172558,78.51773679
Sadhana Mandhir,17.52569202,78.51809016
Risala Bazar,17.52881044,78.5180077
Kowkoor X Road,17.52739352,78.52277393
Koteshwara Temple,17.534429,78.523927
Cisf Hakimpet,17.5426616,78.53091616
Hakimpet,17.5469881,78.5350706
Kakatiya Nagar - Sainikpuri,17.474,78.541
Kakatiya Nagar - Sainikpuri,17.477,78.543
Kukatpally Bus Depot,17.47345276,78.42590203
Chennapur Ntr Statue,17.51537199,78.5711436
Pragathi Nagar-Nagaram,17.51133579,78.57727645
Sai Nagar Dammaiguda,17.50469264,78.58569592
Saket,17.49321195,78.57690095
Gr Reddy Nagar,17.49201602,78.57499525
Jai Jawan Colony,17.49038789,78.57264431
Kapra,17.48654033,78.56649935
Kapra,17.48655313,78.56646985
Saket,17.49327849,78.57692107
Sai Nagar Dammaiguda,17.50464148,78.58564898
Ambedkar Nagar Dammaiguda,17.50673903,78.58381838
Pragathi Nagar-Nagaram,17.51152484,78.57687414
Malaysiya Town Ship,17.47972227,78.39013875
Siddhi Vinayak Nagar,17.45983446,78.38492017
Vivekananda Nagar Clny,17.49627278,78.40599062
Bhagyanagar Twd Yellamma Banda,17.50301203,78.40810954
Yellamma Banda,17.50719186,78.40766966
Ntr Nagar Kphb,17.50825974,78.40990797
Sikh Basthi Twd Shapur,17.51318763,78.41287315
Mahadevpur Colony,17.519,78.414
Gajularamaram Bus Stop,17.524857,78.42347
Yellamma Temple,17.526,78.251
Pati X Roads,17.524,78.248
Patighanpur,17.50716112,78.24301989
Ghanpur X Road,17.51171402,78.22104692
Velemela,17.48017759,78.23894262
Kondakal,17.487178,78.217451
Velemela,17.48043605,78.23885947
Patighanpur,17.50709951,78.24152815
Beeramguda,17.5169988,78.29995215
Bhel M Enclave,17.53974668,78.29726458
Kistareddypet,17.55034464,78.29696683
Sultanpur-Patancheru,17.5550893,78.30870155
Kistareddypet,17.55025944,78.29708978
Bhel M Enclave,17.53977737,78.29744697
Raghavendra Colony,17.53053942,78.29856277
Vbit Park,17.43390916,78.38594645
Ellenki College,17.54899957,78.28358799
Gandigudem,17.55913154,78.32829235
Bollaram Railway Station,17.53382912,78.51606359
Allwyn Colony,17.50494414,78.41415518
My Villas,17.45044212,78.59790804
Shakti Sai Nagar,17.44590798,78.58239948
Suraj Nagar,17.43267894,78.59792612
Bolliguda,17.433858,78.59240279
Alwal Raithu Bazar Twd Hakimpet,17.50692578,78.51604698
Kot Temple-Bolarum,17.53597941,78.52409901
Yamjal X Roads,17.55563355,78.53820747
Ap Sport School,17.55962198,78.54436559
Thumkunta-Shamirpet,17.56696164,78.55408072
Dongala Mysamma Temple,17.57378647,78.56594414
Soul Darga,17.58601247,78.57305469
Shamirpet Hospital,17.59404718,78.56949015
Shamirpet,17.59598682,78.56894854
Mro Shamirpet,17.60604686,78.56882212
Aliabad X Road,17.61936996,78.57164383
Hbl Company-Aliabad,17.62470242,78.58433067
Aliabad Shamirpet,17.62524701,78.59479666
Lalgadi Malakpet,17.63120568,78.60659561
Kolthur X Rd,17.62782628,78.61694634
Jaggamguda,17.62543362,78.625052
Jaggamguda,17.62535179,78.62500638
Kolthur X Rd,17.62785183,78.61688196
Lalgadi Malakpet,17.63110085,78.60658756
Hbl Company-Aliabad,17.62458751,78.58434945
Aliabad X Road,17.61929263,78.57150335
Mro Shamirpet,17.60581057,78.56888112
Shamirpet,17.5951747,78.56919497
Soul Darga,17.58604093,78.57316095
Dongala Mysamma Temple,17.57367009,78.56596828
Thumukunta,17.56451733,78.55181057
Ap Sport School,17.55923874,78.54415123
Kowkoor X Road,17.52706739,78.52271497
Aliabad X Road,17.61931883,78.57138097
Majidpur Shamirpet,17.62804356,78.56908768
Kolthur X Road Twd Turkapally,17.64625087,78.57896089
Muraharipally-Medchal,17.66380016,78.58795535
Turkapally-Shameerpet,17.67208252,78.59320066
Turkapally-Shameerpet,17.67228825,78.59304584
Kolthur X Road Twd Shamirpet,17.64607579,78.57917413
Kesavaram-Shamirpet,17.63352414,78.65234889
Kesavaram-Shamirpet,17.63342964,78.65230597
Dongala Mysamma Temple,17.5730168,78.56628209
Bitsphilani X Road,17.56120546,78.5741061
Anthai Pally,17.55711902,78.57650667
Dharmavaram-Keesara,17.5474088,78.6113539
Thimmaipally,17.54641909,78.61591369
Narsampally,17.55507062,78.62257361
Narsampally,17.55491718,78.62286329
Anthai Pally,17.55706275,78.57649728
Bitsphilani X Road,17.56114153,78.57404709
Sv Nagar,17.4810929,78.5918298
Pg Collegebolarum,17.521,78.521
Sadhana Mandhir,17.52238513,78.52175467
Collector Office,17.56329222,78.5832417
Upparpally,17.57664925,78.58799458
Upparpally,17.57644718,78.58795166
Collector Office,17.56329957,78.58312905
Sadhana Mandhir,17.52231869,78.52205488
Pg Collegebolarum,17.521,78.521
Subash Nagar Auto Stand,17.51488855,78.45568255
Subhash Nagar Jeedimetla,17.51340499,78.46056011
Risala Bazar,17.52705848,78.52284908
Bowrampet,17.56228364,78.40115726
Shambhupur,17.563,78.374
Hmt Hills Colony,17.50286923,78.3919841
Hmt Hills Colony,17.5054064,78.3958733
Pragathi Nagar,17.52085466,78.39629173
Aleap X Roads,17.532,78.394
Sai Nagar,17.52967,78.3943
Sai Nagar,17.5294959,78.3944571
Aleap X Roads,17.53169532,78.39412988
Hmt Hills Colony,17.50525808,78.39601546
New Lb Nagar Jeedimetla,17.514068,78.441878
Roda Mestry Nagar,17.518303,78.435909
Usha Mallapudi Hospital (Umcc Hospital),17.52244688,78.42915416
Usha Mallapudi Hospital (Umcc Hospital),17.52254911,78.42930971
New Lb Nagar Jeedimetla,17.514099,78.442001
Maithrivanam,17.43617645,78.44438106
Ramakrishna Nagar,17.49299642,78.45938932
Dilkushnagar,17.49025514,78.45871461
Gajularamaram Bus Stop,17.524668,78.423433
Devender Nagar Colony Jeedimetla,17.5281595,78.41482581
Kaisar Nagar,17.53439922,78.40403481
Srinivas Nagar-Jeedimetla,17.51608436,78.43850702
Hal Colony,17.52079551,78.43163319
Mahadevpur Colony,17.519,78.414
Sikh Basthi,17.51304946,78.41286242
Ntr Nagar,17.50824575,78.41001391
Yellamma Banda,17.50706392,78.40776086
Bhagyanagar-Kukatpally,17.5029711,78.40800762
Vivekananda Nagar Clny,17.49649406,78.40639293
Roda Mestry Nagar,17.518065,78.435954
Kphb Lodha Apartment,17.47302948,78.39347139
Pvr Mall Bus Stop,17.429381,78.450406
Suraram Rajiv Gruha Kalpa,17.55,78.439
Dommari Pochampally,17.58779906,78.41321111
Dundigal X Roads,17.59611625,78.40336706
Gagillapur,17.60639042,78.39169141
Gagilla Puram Church,17.613,78.389
Prakruthi Nivas Annaram,17.628,78.384
Annaram-Dundigal,17.63588348,78.38271439
Annaram-Manakondur,17.6358643,78.38287264
Prakruthi Nivas Annaram,17.62807422,78.38434794
Gagilla Puram Church,17.61396055,78.38921607
Gagillapur,17.60629367,78.39186743
Dundigal X Roads,17.59618749,78.4034284
Dommari Pochampally,17.58789783,78.41326911
Ambedkar Nagar-Nagaram,17.48004462,78.61992359
Ghatkesar,17.44347735,78.67188167
Outer Ring Road Junction Twd Nagaram,17.44326592,78.67183104
Ambedkar Nagar-Nagaram,17.47984507,78.61997187
Bokkoniguda,17.44239464,78.69698616
Nfc Nagar,17.44123538,78.70005996
Nfc Nagar,17.452401,78.706753
Vivekananda Nagar,17.45408067,78.39747459
Allapur Borabanda,17.456,78.409
Quthubullapur,17.50744759,78.45872819
Mile Stone,17.41107895,78.33108461
Kakatiya Colony-Chengicherla,17.43954395,78.60815135
Gajula Ramaram,17.51091,78.4474
Hal Colony,17.52058996,78.43179883
Srinivas Nagar-Jeedimetla,17.5162058,78.43855266
Sri Ram Nagar-Jeedimetla,17.51293178,78.4319973
Sriniwasa Colony Hyd Bus Stop,17.5112781,78.42424301
Jagadgiri Gutta,17.50131989,78.42929363
Cheeryal X Road,17.507,78.628
Kundanpally X Roads,17.51125892,78.63770127
Kundanpally,17.499,78.638
Godumakunta,17.49000016,78.64709839
Uk College,17.48432213,78.65052223
Rampally Dayara,17.50077121,78.65891755
Keesara Daira,17.50697693,78.66122961
Keesara Village,17.5250353,78.66726458
Keesara X Roads,17.53919426,78.67256999
Keesaragutta,17.53126594,78.68875972
Keesara X Roads,17.539,78.673
Keesara Village,17.52448283,78.667624
Keesara Daira,17.50665462,78.6613369
Rampally Dayara,17.50057175,78.65885317
Uk College,17.48455749,78.6503613
Godumakunta,17.49001806,78.64706619
Kundanpally,17.49906239,78.63776565
Kundanpally X Roads,17.51108242,78.63784611
Srl Colony,17.51348428,78.64377379
Mile Stone,17.51677113,78.64885122
Keesara Police Station,17.523,78.659
Bogaram,17.50674415,78.68698552
Mile Stone,17.61005426,78.4126532
Nagulur,17.62255007,78.42627881
Mile Stone,17.6100287,78.41273903
Mile Stone,17.59524632,78.40143099
Saregudam,17.58631803,78.40839922
Double Bedroom,17.5784,78.4309
Subash Nagar Auto Stand,17.51489367,78.45565438
Fathe Nagar,17.45893574,78.44992787
Sanath Nagar Bus Station,17.45517854,78.45009092
Balkampet,17.4475686,78.44939811
Sbi-Bank,17.44262237,78.44858274
Yashodha Hospital-Somajiguda,17.42467226,78.45747159
Villameeri College,17.42259829,78.46249626
Raj Bhavan,17.42024363,78.46229284
Govt School Bahadurpally,17.56,78.441
Indiramma Colony Bahadurpalle,17.569,78.443
Afa Building Twd Shopping Complex,17.64782537,78.3949398
Air Force Academy Shopping Mall,17.652053,78.39603424
Bollaram X Road,17.53582118,78.35405733
Bolaram Village Bus Stop,17.55326004,78.35032937
Bollaram Busstand,17.55723248,78.3484247
Bollaram Bazar,17.54924597,78.34902685
Bollaram X Road,17.53595386,78.35416227
Gaddapotharam,17.60169051,78.37147276
Darga,17.6362624,78.33921308
Vailal-Jinnaram,17.621,78.352
Chowdariguda,17.25105433,78.33859959
Laxmipathigudem-Jinnaram,17.61951312,78.33188117
Nalthur,17.59878816,78.32589079
Kodakanchi X Road-Jinnaram,17.61822222,78.32072318
Jinnaram-Medak,17.63278791,78.33023161
Ootla Village,17.63201712,78.3082809
Mile Stone,17.63502147,78.30046994
Solakpalle-Jinnaram,17.64008058,78.28195721
Rallakatva,17.63053078,78.28029692
Shivanagar-Jinnaram,17.6119154,78.2735002
Shivanagar-Jinnaram,17.61204834,78.27385962
Rallakatva,17.63031862,78.2802406
Solakpalle-Jinnaram,17.63989143,78.28179359
Jinnaram-Medak,17.632,78.332
Kodakanchi X Road-Jinnaram,17.61809947,78.32074195
Nalthur,17.59874214,78.32594979
Laxmipathigudem-Jinnaram,17.61953357,78.33183825
Vavilala,17.62181942,78.35332325
Gaddapotharam,17.60174836,78.37152586
Ameenpur Malakpet Bus Stop,17.55462469,78.34861513
Santhosh Theatre,17.55145106,78.35076492
Shapur Nagar X Roads,17.51143285,78.44813347
Sri Krishna Nagar Colony,17.542,78.421
Suraram Village,17.54799701,78.42705131
Vishwa Karma Colony,17.55,78.423
Bahadur Pally Double Bed Room,17.55661075,78.44089352
Ootla X Road,17.63135471,78.3197176
Jinnaram-Medak,17.63286204,78.33004117
Ootla X Road,17.63059724,78.32005798
Quthubullapur X Road,17.50765223,78.45984936
Kardanur,17.515,78.231
Ghanpur X Road,17.51139704,78.22103083
Nandigam Patancheru,17.50462644,78.20053071
Rami Reddy College,17.49718225,78.190687
Bhanoor,17.49,78.179
Lahari Resorts Patancheru,17.494,78.186
Bdl Factory,17.47075795,78.1627357
Bdl Factory,17.47085224,78.16262841
Bhanoor,17.48984795,78.17833543
Lahari Resorts Patancheru,17.494335,78.18579197
Rami Reddy College,17.49746614,78.1908828
Nandigam Patancheru,17.50462486,78.20040733
Kardanur,17.51479391,78.2304132
Pati X Roads,17.5242373,78.24789584
Yellamma Temple-Patancheru,17.52604559,78.25077921
Sangareddy X Roads,17.48019817,78.13570976
Tower,17.48973858,78.13372224
Odf Eddimailaram,17.505,78.147
Kendriya Vidyalaya,17.493,78.143
Tower,17.4897492,78.13375758
Narsapur Bs,17.74025997,78.28190256
Chakirimetlu,17.75179295,78.33048105
Chinna Gottimukkala,17.75861844,78.35354805
Chennapur-Shivampet,17.75729015,78.37085366
Pedda Gottimukkala,17.755,78.381
Gomaram-Shivampet,17.749,78.395
Lachireddyguda,17.73165726,78.39345932
Nawabpet-Shivampet,17.72282259,78.39374363
Antharam X Road-Jinnaram,17.69934013,78.39328096
Gummadidala,17.68342663,78.36929798
Gummadidala Toll,17.673161,78.37148398
Bonthapally Kaman,17.66191853,78.37337493
Domadugu,17.65470657,78.37327302
Domadugu,17.65920571,78.37356378
Bonthapally Kaman,17.66240919,78.37301016
Gummadidalla,17.68329885,78.36951256
Mambapur-Jinnaram,17.69567195,78.35551682
Nallavelly Gate-Narsapur,17.70306728,78.34381677
Mile Stone,17.72218386,78.35810779
Kothapally,17.78379906,78.33391722
Mile Stone,17.72213787,78.35790395
Mambapur-Jinnaram,17.68926878,78.35350958
Jagadgiri Gutta,17.5012828,78.42924267
Kamaan Hyd Bus Stop,17.49494096,78.43211532
Ranga Reddy Nagar Bus Stop,17.49423523,78.43379471
Chenna Reddy Nagar Industrial Area,17.4904568,78.44197176
Resala Bazar Water Tank,17.52708018,78.52288261
Kowkoor,17.52570669,78.53317692
Edunagulapally,17.46272378,78.23821306
Venkata Sai Nagar,17.42618085,78.59627455
Bangaru Maisamma Temple,17.42075803,78.58543038
Km Stone Twd Hema Nagar,17.41949123,78.57425094
Indra Nagar-Boduppal,17.42168477,78.58238775
Km Stone Twd Boduppal,17.41951938,78.57426706
Bangaru Maisamma Temple,17.42074427,78.58537674
Venkata Sai Nagar,17.42612199,78.59615117
Thumukunta,17.5645755,78.55171434
Pothaipally,17.56737206,78.53940502
Devar Yamjal,17.56749891,78.52327822
Devar Yamjal,17.56373739,78.52173463
Mallareddy Nagar,17.52899907,78.53304148
Samala Convention,17.53313284,78.53605628
Mile Stone,17.53562651,78.53674024
Mile Stone,17.53661626,78.53738934
Rajeev Gruha Kalpa Kowkoor,17.53718084,78.53734306
Rajeev Gruha Kalpa Kowkoor,17.537849,78.53651777
Ntpc Annojiguda,17.43584634,78.66130739
Nfc X Roads,17.45494037,78.70080829
Ankushapur X Roads,17.45829752,78.72091411
Aushapur Gatkesar,17.46175705,78.73556432
Ms-Capol Twd Bibinagar,17.46379326,78.74312282
Capol,17.468,78.751
Kondamadugu X Road,17.46873765,78.76124717
Ms-Kondamadugu Twd Kondamadugu,17.47870916,78.76643389
Kondamadugu,17.48882467,78.76792528
Mahadevpur Village,17.48867894,78.75432104
Mile Stone,17.49301786,78.76827429
Ms1-Nagineni Palle Twd Mailaram,17.50285087,78.76660019
Ms2-Nagineni Palle Twd Mailaram,17.51785309,78.76716614
Nageneni-Palli,17.52610444,78.77364099
Ms-Mallaram Tanda Twd Medipalle,17.53573135,78.78604084
Mailaram-Bommalaramaram,17.54533732,78.79795791
Medi Palle-Bhongir,17.53645771,78.82394852
Ms-Fakeerguda-Gts Twd Tajpur,17.5343031,78.82153971
Fakeerguda,17.53098922,78.81648402
Ms-Fakeerguda-Gts Twd Medipalle,17.53415459,78.82142455
Medi Palle-Bhongir,17.53629648,78.82399413
Mailaram-Bommalaramaram,17.54529894,78.79787743
Ms-Mallaram Tanda Twd Kondamadugu,17.53585922,78.78622055
Nageneni-Palli,17.52602385,78.77365574
Ms1-Nagineni Palle Twd Ghatkesar,17.51793366,78.76717016
Ms2-Nagineni Palle Twd Ghatkesar,17.50299668,78.76673698
Kondamadugu,17.4888042,78.76795202
Ms-Kondamadugu Twd Mettu,17.47874306,78.76649022
Kondamadugu,17.46850099,78.76120627
Capol,17.46758966,78.75087307
Ms-Capol Twd Secunderabad,17.46385467,78.74345541
Aushapur Gatkesar,17.46129097,78.7357226
Spr Hills,17.459,78.725
Ankushapur X Roads,17.458,78.721
Nfc X Roads,17.45460582,78.7025544
Ntpc Annojiguda,17.43632614,78.66288587
Kakatiya Colony-Chengicherla,17.4550742,78.61233293
Akshaya Solar,17.45495828,78.61228332
Bokkoniguda,17.44245603,78.69694857
Nfc Nagar,17.44128471,78.70000563
Thokatta,17.46072295,78.47558857
Basuregadi,17.58991675,78.45081702
Gnanapur,17.601657,78.45258
Gowdavelly X Road,17.60937679,78.45727444
Railapur-Medchal,17.63111743,78.4443073
Govt Polytechnic College-Medchal,17.63263454,78.45177189
Girmapur-Medchal,17.63383602,78.45570535
Mile Stone,17.46425132,78.6373081
Kareem Guda,17.4772497,78.65382085
Military Hospital,17.47436293,78.51716688
Officers Mess,17.47461572,78.51957545
Rk Puram,17.47643697,78.52598957
Military Hospital,17.47419297,78.51720562
Srinivas Nagar-Kompally,17.54165777,78.486076
Officers Mess,17.474533,78.51991
Shamirpet,17.59530897,78.56929824
Shamirpet Corner1,17.5957794,78.57474849
Shamirpet Village,17.59367138,78.57480882
Babaguda X Roads,17.5901533,78.5742188
Babaguda,17.59460716,78.60083699
Bommarasipet X Road,17.59511082,78.60524921
Bomraspet Corner1,17.60013088,78.6072126
Bommarasipet,17.59967835,78.60917866
Bomraspet Corner2,17.59755248,78.61128017
Ponnal-Shamirpet,17.6029419,78.63123715
Adraspalle,17.61992087,78.66017012
Uddamarri,17.61754981,78.67780029
Uddamarri,17.61753894,78.67782242
Adraspalle,17.61976109,78.66003065
Ponnal-Shamirpet,17.60287799,78.63123714
Bommarasipet,17.59964384,78.60915184
Bommarasipet X Road,17.59508781,78.60525726
Babaguda,17.59457646,78.60083833
Babaguda X Roads,17.59043719,78.57433952
Shamirpet Village,17.59366626,78.57464791
Thirumalgiri,17.471081,78.509802
Vbr Gardens,17.51147636,78.50236371
Ambedkar Nagar-Old Alwal,17.51505229,78.50149331
Surya Nagar X Road,17.51724883,78.50150406
Mile Stone,17.51886335,78.50151214
St Michael School,17.5202133,78.50152418
Mile Stone,17.52817103,78.50359619
Gopal Nagar-Bollaram,17.52606224,78.50604504
Ice Factory,17.53277042,78.50464787
Ice Factory,17.53269147,78.50463219
Gopalnagar X Road,17.52143527,78.51093471
Mile Stone,17.52815312,78.50355126
Aliabad Shamirpet,17.62556613,78.59480778
Kolthur-Shamirpet,17.656117,78.638911
Kolthur-Shamirpet,17.65978953,78.64154891
Potharam,17.663,78.669
Anantharam-Shamirpet,17.68208244,78.66498471
Anantharam-Shamirpet,17.68362862,78.66376162
Narayanpur Turkapally,17.68572143,78.68116379
Narayanpur Turkapally,17.68895658,78.68182899
Kothial,17.68998257,78.70200724
Alinagar-Mulugu,17.70764577,78.70240689
Bhavanandapuram,17.7277333,78.71735215
Markook Village,17.753512,78.71838
Bhavanandapuram,17.72718121,78.72161683
Panduranga Ashramam,17.71608771,78.72334962
Bhavanandapuram X Roads,17.71948201,78.71298149
Alinagar-Mulugu,17.70765215,78.70245382
Kothial,17.68997746,78.70198309
Narayanpur Turkapally,17.68897192,78.68174851
Anantharam-Shamirpet,17.68209778,78.66515235
Potharam,17.663,78.669
Citizen Colony Twd Panchasheela Enclave,17.51295992,78.49484816
Panchasheela Enclave,17.51435972,78.48795086
Select Talkies-Machabolarum,17.51122318,78.51085963
Macha Bollaram,17.51613678,78.51316096
M.G. Nagar,17.51822653,78.510466
Gopalnagar X Road,17.522,78.511
Sanjeeva Gardens,17.53100619,78.51261785
Bollaram X Road,17.53332658,78.51256885
Railway Colony Road,17.53708814,78.51327661
Sharan Nagar,17.54238473,78.51359681
Sharan Nagar,17.543,78.51
Railway Colony Road,17.53704594,78.51332183
Bollaram X Road,17.53329941,78.51256616
Sanjeeva Gardens,17.53095599,78.51265602
Select Talkies-Machabolarum,17.51115083,78.51088913
Padmarao Nagar,17.42559991,78.50691274
Bolakpur,17.42177274,78.49692017
Kalpana,17.42330698,78.49456251
Kavadiguda,17.42492954,78.48873145
Adavi Masjid,17.70402001,78.67804035
Banda Narsampalle,17.71047427,78.6667067
Banda Narsampalle,17.71003735,78.66552114
Anantharam-Shamirpet,17.68352634,78.66381526
Panduranga Ashramam,17.71413651,78.72318694
Bhavanandapuram,17.72725403,78.72165304
Lakshmi Kala Mandir,17.49551715,78.51067986
Venkatapur X Roads,17.49644103,78.50700527
Mes Colony,17.49725652,78.50505799
West Venkatapuram,17.49921267,78.49947229
Vaishnavi Mata Temple Alwal,17.49886348,78.50770064
Bhatia Bakery,17.49982086,78.50995906
Alwal Satya,17.49928717,78.51331952
Prakash Nagar Begumpet,17.444065,78.47026
Punjagutta,17.42703143,78.45276766
Sangeeth-Isckon,17.44084648,78.50620196
Lb Nagar,17.34488565,78.54946331
Manda Mallama X Road,17.33735449,78.52266233
Rgi Airport,17.23814621,78.43058109
Manda Mallama X Road,17.33767327,78.52254331
Sikh Village,17.45659328,78.49012613
Giri Nagar,17.4889142,78.44493259
Chenna Reddy Nagar Industrial Area,17.49037942,78.44182458
Ranga Reddy Nagar Bus Stop,17.4939954,78.43381718
Kamaan Hyd Bus Stop,17.49513857,78.43197081
Papireddy Nagar Jagathgiriguitta,17.49767336,78.43184981
Sanjay Puri Colony,17.49980807,78.42974693
Papireddy Nagar Jagathgiriguitta,17.49768103,78.43198925
Giri Nagar,17.48905682,78.44503619
Sikh Village,17.45642217,78.49023979
Somaiah Nagar- Jagadgirigutta,17.50373211,78.42995077
Magdum Nagar Jagathgirigutta,17.50600234,78.42802394
Magdum Nagar Jagathgirigutta,17.50832721,78.42907302
Ntr Nagar Kphb,17.50974015,78.42735205
Ntr Nagar Kphb,17.50976189,78.42732992
Magdum Nagar Jagathgirigutta,17.50833456,78.42918232
Magdum Nagar Jagathgirigutta,17.50598956,78.42818856
Somaiah Nagar- Jagadgirigutta,17.50354729,78.42998799
Macha Bollaram,17.515961,78.513169
Chandranagar-Old Alwal,17.51538414,78.50916311
Surya Nagar,17.51477626,78.50697845
Surya Nagar,17.51486298,78.50699991
Surya Nagar X Road,17.51714966,78.50151613
Vbr Gardens,17.51147505,78.50238551
Ambedkar Nagar-Old Alwal,17.5150497,78.50144908
Yathrinivas,17.44332065,78.47987465
Nmdc,17.39873207,78.4493522
Mehdipatnam,17.39848156,78.44418526
Paryatak Bhavan,17.4338592,78.45550552
Yathrinivas,17.44357938,78.47991228
Chandranagar-Old Alwal,17.51539884,78.50912824
M.G. Nagar,17.51826498,78.51039821
Mogulla Ramakrishna Garden,17.52338313,78.50922879
Mogulla Ramakrishna Garden,17.52336266,78.50915638
Vikrampuri,17.449,78.4966
Ankireddy Pally X Road,17.54791517,78.68553579
Ankireddy Pally Keesara,17.56204102,78.68398882
Devs College,17.57643532,78.67440194
Ankireddy Pally Keesara,17.56203158,78.68402567
Ankireddy Pally X Road,17.54782822,78.68573159
Km Stone Twd Kushaiguda,17.51661527,78.64907385
Srl Colony,17.51319524,78.64378453
Gar Kokapet,17.4085097,78.33052866
Gar Kokapet,17.40704559,78.32993388
Power Welfare Society,17.42025387,78.33636045
Tps Colony,17.48143891,78.62490043
Kalpana,17.42337859,78.49451961
Chandupatla Guda,17.43861768,78.70683253
Marripallygudam,17.43002139,78.70712623
Edulabad,17.42545663,78.7099573
Edulabad,17.41895124,78.70843381
Edulabad,17.42542432,78.70999586
Marripallygudam,17.42997725,78.70711148
Chandupatla Guda,17.43865735,78.70678559
Edulabad,17.41894772,78.70849416
Hpcl-Ghatkesar,17.45714084,78.71535122
Ms1-Vbit Twd Jamilapet,17.47066548,78.7255463
Jiyapally,17.48086201,78.7269719
Rayarao Pet,17.48908049,78.7232396
Jameelapet,17.49414057,78.72528343
Jiyapally,17.48107437,78.72700676
Ms2-Vbit Twd Aushapur,17.4708154,78.72562412
Thumkunta,17.56696419,78.5540995
Mandaipalle,17.58024998,78.55824373
Janapriya Arcade Kowkoor,17.526,78.537
Mb Darga,17.52888334,78.54287982
Samala Laxmi Nagar,17.53039938,78.54085609
Mb Darga,17.52891787,78.54287048
Kowkoor X Road,17.527,78.542
Janapriya Arcade Kowkoor,17.52588442,78.53721499
Shakti Sai Nagar,17.44593867,78.58233511
Ranigunj Bus Depot,17.43305176,78.4885302
Diamond Point,17.46230824,78.49106491
Hitech City,17.45195686,78.3805257
Medchal X Road,17.628041,78.56943101
Turkapally,17.67226397,78.59289232
Jyothishmathi College,17.68720358,78.59781952
Vantimamidi,17.70421936,78.61011884
Tunki Bollaram,17.72828235,78.58903258
Narsapur-Mulugu(Mdk),17.72901048,78.56507241
Kokkonda,17.72188489,78.54487134
Kothur-Mulugu (Mdk),17.71604429,78.52316294
Kothur-Mulugu (Mdk),17.71612607,78.52317903
Kokkonda,17.7218159,78.54487133
Narsapur-Mulugu(Mdk),17.72906668,78.56507242
Tunki Bollaram,17.72830535,78.58903795
Vantimamidi-Mulugu,17.70424965,78.61033536
Jyothishmathi College,17.68720613,78.59798044
Muraharipally-Medchal,17.66380847,78.58806968
Majidpur Shamirpet,17.62779816,78.56955439
Lakshmakkapally-Mulugu(Mdk),17.71043593,78.61599416
Forest Research Center-Mulugu(Mdk),17.71838721,78.62444045
Mulugu-Medak,17.73529683,78.63698378
Wargal X Roads,17.75923406,78.65541726
Wargal,17.77496585,78.61878634
Wargal,17.77358128,78.61741843
Wargal Temple,17.76974006,78.62155437
Wargal X Roads,17.75923929,78.6555514
Bc Welfare School-Wargal,17.75298079,78.65442216
Mulugu-Medak,17.73709216,78.63833696
Forest Research Center-Mulugu(Mdk),17.71826968,78.62467479
Botanical Garden,17.45588197,78.36377263
Botanical Garden,17.45559796,78.36422324
Dlf,17.44803145,78.35588693
Hanuman Temple-Yapral,17.51321826,78.54011714
Kendriya Vidyalaya Bollaram,17.50725841,78.53084348
Sitaphalmandi,17.42770352,78.5174109
Shopping Complex,17.48904723,78.54042292
Nirmal Nagar,17.49045425,78.53620246
Ammuguda,17.49709519,78.53194717
Nirmal Nagar,17.49048496,78.53623063
Shopping Complex,17.48905875,78.54050338
Venkatadri Township,17.41346166,78.64082336
Pratap Singaram,17.40990166,78.64928305
Korremula,17.40410216,78.66642791
Pratap Singaram,17.40987351,78.64923746
Venkatadri Township,17.41341816,78.64080203
Panchasheela Enclave,17.5144793,78.48795891
Citizen Colony Twd Old Alwal,17.51306991,78.4948575
Ion Exchange,17.52669825,78.24915209
Mile Stone,16.53656912,78.20541602
Family Quarters,17.41102264,78.33123742
Bachupally,17.53445576,78.35755024
Calvary Temple,17.48720784,78.36842359
Bjr Nagar,17.50942489,78.57599169
Cherlapally,17.47204193,78.59005451
Jbs,17.44669051,78.49834173
Mile Stone,17.49612058,78.42859626
Asbestos Colony,17.49380802,78.42524885
Bhel Depot,17.519284,78.29078
Siddhi Vinayak Nagar,17.45921303,78.38463351
Mile Stone,17.5268615,78.29850913
Mile Stone,17.53949941,78.28538454
Moulali X Roads,17.46141414,78.55838567
Zts-Moulali,17.45588197,78.55551034
Moulali X Roads,17.46141504,78.55834679
Bharath Nagar Moula Ali,17.46843956,78.55272353
Rtc Colony Moula Ali,17.46236301,78.55136365
East Anandbagh,17.45778047,78.54398757
Uttam Nagar,17.45993745,78.53173256
Mallikarjuna Nagar Malkajgiri,17.44887355,78.52696896
Jyothi Nagar Twd Tukaram Gate,17.44398956,78.52524262
Tukaram Gate Railway Gate,17.44119962,78.5224092
Shenoy Nursing Home,17.44703894,78.50864947
Shenoy Nursing Home,17.44706452,78.50851
Tukaram Gate Railway Gate,17.44116892,78.5223904
Jyothi Nagar Twd Anadbagh,17.44421398,78.52495195
Mallikarjun Nagar Twd Ananadbagh,17.44852048,78.5272184
Uttam Nagar,17.45991695,78.53178084
East Anandbagh,17.45784177,78.54395535
Rtc Colony Moula Ali,17.46232209,78.55132609
Bharath Nagar Moula Ali,17.46847668,78.55269134
Ghanpur Village,17.4997,78.2202
Kondakal,17.48715669,78.21763516
Kondakal,17.47599217,78.21751693
Kondakal,17.46141249,78.19926605
Mokila Tanda Twd Shankerpally,17.44436239,78.190974
Shankarpally Registration Office Twd Shankarpally,17.45392,78.13762
Bhanoor X Road,17.45326827,78.1446345
Mokila Tanda Twd Patancheru,17.4444801,78.19090962
Kondakal,17.46142401,78.19924325
Rangapuram-Bommalaramaram,17.564,78.71
Ramlingam Palle-Bommalaramaram,17.57808481,78.69801343
Errakunta-Bommalaramaram,17.58697769,78.7026912
Jalalpur-Bommalaramaram,17.59635634,78.71682643
Yuva Defence Academy Twd Veerareddypally,17.59101234,78.72223377
Yavapur Thanda-Bommalaramaram,17.5845075,78.7287569
Khajipet-Bommalaramaram,17.57909734,78.73573065
Cheekatimamidi-Bommalaramaram,17.59697978,78.74888957
Rama Swamy Thanda,17.61038145,78.76058131
Madhapur- M Turkapalle,17.63016524,78.77482384
Kokia Tanda,17.63963325,78.78647804
Jagya Naik Tanda,17.64294338,78.79649341
Malka Puram-M Turkapalle,17.64753781,78.80539298
Ms-Malkapuram Twd Turkapally,17.6521398,78.81702304
M Turkapally,17.65366824,78.82549345
K.M.Stone Twd Veerareddypally,17.668,78.818
Vasalamarri,17.67507898,78.81339267
Thirumalapur-M Turkapalle,17.69079902,78.81431133
Veerareddypalle-M Turkapalle,17.71092652,78.81637394
Veerareddypalle-M Turkapalle,17.71371665,78.82906079
Veerareddypalle-M Turkapalle,17.7139466,78.82903934
Veerareddypalle-M Turkapalle,17.71097762,78.81644368
Thirumalapur-M Turkapalle,17.69091401,78.81439984
Vasalamarri,17.67520293,78.8133055
Ms-Vasalamarri Twd Thurkapally,17.66801646,78.81808519
M Turkapally,17.65452702,78.82563829
M Turkapally,17.65338709,78.82559538
Ms-Turkapally Twd Keesara,17.652,78.817
Malka Puram-M Turkapalle,17.64729372,78.80529642
Kokia Tanda,17.63948246,78.78651023
Madhapur- M Turkapalle,17.62999397,78.77497673
Rama Swamy Thanda,17.61025369,78.7606135
Cheekatimamidi-Bommalaramaram,17.59683149,78.74890029
Khajipet-Bommalaramaram,17.57969558,78.73592375
Yavapur Thanda-Bommalaramaram,17.58439527,78.7286818
Jalalpur-Bommalaramaram,17.59625875,78.71690148
Errakunta-Bommalaramaram,17.58634364,78.70269656
Rangapuram-Bommalaramaram,17.563,78.71
M.R.O Office Police Station Twd Ecil,17.52292133,78.65895912
Nagarjuna Colony-Kushaiguda,17.48,78.582
Maisammaguda,17.56233316,78.45395923
Dulapally,17.54665821,78.46688345
Mile Stone,17.39762668,78.35009861
My Home Avtar,17.39888104,78.35541452
Sr Nagar,17.440269,78.442599
Rajpushpa,17.3959,78.3545
Smr Vinay Iconia,17.46783,78.33467
Chirec School,17.46322014,78.34756136
Erragadda,17.45909819,78.43235136
Nrr Puram,17.45061611,78.4053192
Ag Colony,17.44818168,78.42921832
Janmabhumi Colony,17.4156,78.3661
Edunagulapally,17.46255491,78.23856711
Park View Appartment,17.41460182,78.48583728
Ntr Stadium,17.41132452,78.48473808
Bolakpur,17.4217631,78.49694298
Lalaguda Market,17.43917555,78.52902085
Lalaguda Market,17.43909113,78.52900207
Kusaiguda Bus Depot,17.46829634,78.56563566
Ravirala Milstone Twd Kongara,17.20737737,78.53421092
Kongara Milstone Twd Ravirala,17.20722877,78.53422165
Sanat Nagar Ps,17.4564,78.4426
Erragadda,17.45611228,78.43418538
Suchitra X Road,17.49930797,78.47625911
Bank Colony X Rd Suchitra,17.50107815,78.47250804
Godavari Homes Suchitra,17.50325375,78.469107
Chermas Suchitra,17.50506611,78.46755266
Jairamnagar,17.50761667,78.46235994
Ayodhya Nagar,17.51003623,78.45781088
Ayodhya Nagar,17.51042504,78.4574461
Jairamnagar,17.50777501,78.46244574
Chermas Suchitra,17.50512495,78.46770287
Godavari Homes Suchitra,17.50332413,78.46910566
Mile Stone,17.51668307,78.33460744
Rangapuram-Bommalaramaram,17.56549384,78.71428356
Bommalaramaram,17.56447098,78.73477578
Bommalaramaram,17.56393781,78.74003693
Mile Stone,17.586,78.74
Rs Pally-Mturkapalle,17.67772795,78.80079024
Kondapur-M Turkapalle,17.68748994,78.78725052
Kashireddypally-Markook,17.69882519,78.77906173
Mile Stone,17.7051775,78.77822757
Srinivasapuram-Aleru,17.71,78.785
Dharmaram-Jagdevpur,17.71632001,78.78817853
Mile Stone,17.70524393,78.77835631
Kondapur-M Turkapalle,17.6875743,78.78728539
Rs Pally-Mturkapalle,17.678,78.801
Rangapuram-Bommalaramaram,17.56540698,78.71431577
Plaza,17.44373483,78.49049091
Mudfort,17.45709991,78.49503726
Bowenpally Market,17.46892185,78.49482133
Mahatma Nagar-Bowenpally,17.46899604,78.48334685
Dubai Gate,17.47193351,78.48438855
Hasmathpet,17.47525718,78.48553174
Mallikarjuna Nagar,17.47615228,78.48233293
Old Bowenpally,17.47663558,78.4788689
Mallikarjuna Nagar,17.47621733,78.48235309
Hasmathpet,17.4754325,78.4856683
Dubai Gate,17.47174673,78.48439585
Mahatma Nagar-Bowenpally,17.4690391,78.48340116
Nimh Bowenpally,17.46901932,78.49021465
Bowenpally Market,17.46882743,78.49487901
Diamond Point,17.46232975,78.49104747
Ambedkar Open University,17.43152164,78.39504727
Police Line-Amberpet,17.38669599,78.51663675
Patel Nagar-Amberpet,17.38619622,78.52395348
Sangeeth Twd Jbs,17.44244772,78.50516528
Vivekananda Nagar,17.4592082,78.39943579
Allwyn,17.52489848,78.27172928
Miyapur Metro Station,17.496817,78.371098
Gpra Quarters,17.44,78.356
Venkatapur X Roads,17.49643266,78.5069704
Chowdariguda Road Twd Tenugudem,17.42216537,78.64886999
Anurag University Twd Tenugudem,17.42073211,78.65689328
Venkatapur-Majarguda,17.41417058,78.66569817
Tenugudem,17.4120589,78.67018287
Venkatapur-Majarguda,17.41404748,78.66573572
Anurag University Twd  Jodimetla X Road,17.42074795,78.65645526
Chowdariguda Road Twd Jodimetla X Road,17.42221918,78.64855081
Mudfort,17.45712805,78.49508014
Ntr Stadium,17.41198056,78.4860398
Bahadurpura,17.355,78.454
Raj Bhavan,17.4202737,78.46208029
Villameeri College,17.42259039,78.46226872
Yashodha Hospital-Somajiguda,17.42501145,78.45719109
Ms-Edulabad Twd Venkirayala,17.41498539,78.72372508
Venkiryal-Bibinagar,17.4119184,78.76093806
Venkiryal-Bibinagar,17.41188259,78.76096756
Ms-Edulabad Twd Edulabad,17.41485134,78.72388601
Spr Hills,17.46,78.726
Aiims Bibi Nagar,17.47,78.777
Bibi Nagar,17.47356677,78.79266858
Bibinagar Cheruvu Katta,17.47686649,78.79762933
Jain Palle-Bibinagar,17.50465523,78.79650951
Bibinagar Cheruvu Katta,17.47688249,78.79767358
Aiims Bibi Nagar,17.46977771,78.77738533
Ranigunj-1 Bus Depot,17.43187574,78.48681605
Sardar Patel Nagar Malkajgiri,17.45,78.543
Prashanth Nagar-Maulali,17.44615362,78.54440331
Sardar Patel Nagar Malkajgiri,17.45,78.544
Mazjid Laxmi Emerald,17.43845135,78.53232533
Noori Pan Shop,17.43751491,78.53399634
Shantinagar Lallaguda,17.4357467,78.53734913
Shantinagar Lallaguda,17.43570815,78.53730351
Noori Pan Shop,17.43748926,78.53389442
Mazjid Laxmi Emerald,17.4384667,78.53218317
Kanazi Guda,17.48401258,78.49690139
Indira Nagar-Hasmathpet,17.48534801,78.49303901
Green Fields,17.4910081,78.49271313
Indira Nagar-Hasmathpet,17.48541197,78.49306047
Kanazi Guda,17.48419934,78.49714011
Subhash Nagar X Rd Lalbzazar,17.48305833,78.49987596
Venkatagiri,17.414362,78.425119
Wipro,17.43413694,78.29902947
Tellapur (Bus Pickup),17.4702,78.2882
Fly Quaters,17.484,78.511
Nagisettipalle,17.64100141,78.66698764
Potharam X Roads,17.65571042,78.67924735
Mooduchinthapally,17.65212766,78.68886642
Lakshimapur,17.66318231,78.70253363
Thimmapur-Bommalaramaram,17.639,78.736
Boinpalle X Road,17.63559971,78.74307856
Madhapur X Road,17.64697422,78.74464229
Nagaipalle Village,17.65060881,78.742522
Gopalpuram,17.67198285,78.75439613
Gopalpuram,17.67199819,78.75441758
Nagaipalle Village,17.65060816,78.74254145
Madhapur X Road,17.64696528,78.74466509
Boinpalle X Road,17.63558053,78.74310404
Thimmapur-Bommalaramaram,17.64257147,78.72760657
Lakshimapur,17.66312478,78.7024874
Mooduchinthapally,17.65212831,78.68877187
Potharam X Roads,17.65572838,78.67931575
Nagisettipalle,17.64097521,78.66699099
Gopalpur Milstone1 Twd Kondapur,17.67779428,78.76128137
Kondapur-M Turkapalle,17.68728544,78.78641099
Kondapur-M Turkapalle,17.68720364,78.78637612
Kondapur Milstone2 Twd Gopalpur,17.67774572,78.76128674
Bhel Metro Colony,17.5373731,78.29733208
Bhel Metro Water Tank,17.53940911,78.28896463
Shilparamam,17.45374801,78.37936968
Bitsphilani X Road,17.56114984,78.57411817
Bits Pilani,17.54737033,78.57235201
Pothaipally,17.56742192,78.5393554
Sai Geetha Asharam,17.58117868,78.5009408
Mallanna Colony,17.57897205,78.49917724
Devar Yamjal,17.56759067,78.5231924
Green Fields,17.49107972,78.49271312
Surana,17.47122834,78.60108376
Chinna Cherlapally,17.47077037,78.60858455
Chinna Cherlapally,17.47072304,78.60857517
Surana,17.471,78.601
Cherlapally,17.47270713,78.58951539
Cheeriyal,17.51312618,78.6277771
Geethanjali Engg Clg,17.52331678,78.62871051
Yadgarpally X Rd,17.53808557,78.63110572
Drdo,17.55975807,78.6289224
Dharmavaram-Keesara,17.54742671,78.61148539
Thimmaipally,17.54632695,78.61655217
Drdo,17.55948956,78.62915039
Yadgarpally X Rd,17.53782342,78.63108158
Geethanjali Engg Clg,17.52301464,78.62881243
Cheeriyal,17.51317734,78.62795949
Annapurna Colony-Ghatkesar,17.458,78.688
Kondapur-Ghatkesar,17.4628555,78.68978709
Vignan School-Ghatkesar,17.47776512,78.693337
Holy Mery College Twd Keesara,17.4893491,78.69314252
Holy Mery College Twd Uppal,17.48946678,78.6931935
Vignan School-Ghatkesar,17.47775491,78.69336784
Kondapur-Ghatkesar,17.46893599,78.69222521
Annapurna Colony-Ghatkesar,17.45792609,78.68812691
Ymca Secunderabad,17.44349494,78.49866896
Padmarao Nagar,17.42554875,78.50763828
Skandagiri,17.42269522,78.50839466
Srinivas Colony,17.42102099,78.50875877
Bapuji Nagar,17.41827816,78.5059458
Gangaputra Colony,17.41604842,78.5070113
Parsigutta,17.41578535,78.51005226
Bapuji Nagar,17.41860319,78.50958824
Srinivas Colony,17.42096245,78.50886606
Skandagiri,17.42264962,78.50837056
Padmarao Nagar,17.42640094,78.50686948
Telecom Colony,17.49286139,78.4977355
Gangaram,17.8196,78.1304
Sindihi Colony,17.44085417,78.47899095
Patigadda,17.43904544,78.47648898
Ashish Garden Bus Stop,17.45755917,78.47801731
Kakatiya Colony-Chengicherla,17.43953794,78.60815439
Vijayanagar Colony,17.39513545,78.45466122
Rns Colony,17.429,78.583
Km Stone Twd Rg Colony,17.516,78.614
Rajiv Gruha Kalpa Colony-Ahmedguda,17.51711643,78.60145389
Bvs College X Road- Keshavaram,17.63993236,78.66357923
Balaji Venkateswara Jr College,17.63577096,78.66443211
Bvs College X Road- Keshavaram,17.6398661,78.66363824
Guttala Begumpet,17.43415234,78.40402721
Masjid Twd Koti,17.42608873,78.43699691
Masjid Twd Hitechcity,17.42604522,78.43725973
Guttala Begumpet,17.43440818,78.40407015
Mayuri Nagar,17.514645,78.372589
Lingapur Tanda-Shamirpet,17.64129216,78.68870616
Lingapur Tanda-Shamirpet,17.64127,78.6888
Icici Turkapally Twd Kolthur,17.66525882,78.60717505
Icici Turkapally Twd Secunderabad,17.66523072,78.60717103
Court Complex,17.46500356,78.39030686
Lambadithanda,17.440615,78.3039
Wipro Twd Khanapur,17.434123,78.29911081
Vatti Nagulapally,17.42596845,78.29628825
Vatti Nagulapally,17.42599404,78.29623326
Sunshine Colony,17.50617377,78.60054601
Bibi Nagar,17.47010005,78.79400969
Brahmanapally Bibinagar,17.438,78.819
Lakshmidevigudem Twd Nagireddypally,17.43467944,78.81908298
Hindustan Bc Colony Twd Nagireddypally,17.42409485,78.82331484
Chinnaravulapally,17.422,78.827
Battugudem,17.42076378,78.83900106
Mamillagudem Bibi Nagar,17.41634097,78.84915589
Gurrala Dandi,17.41462998,78.85133084
Kotha Tanda-Bibinagar,17.41080254,78.86495941
Jampalle,17.407,78.881
Reddy Naik Tanda-Bibinagar,17.41288101,78.89044583
Sirivenikunta,17.40947005,78.91160586
Bollepally,17.40610859,78.9239949
Vijayanagarm-Bhuvanagiri,17.42345539,78.93264234
Nagireddypally,17.42967752,78.93785957
Nagireddypally,17.42972134,78.93762052
Vijayanagarm-Bhuvanagiri,17.42331975,78.93265843
Bollepally,17.40630293,78.92490682
Sirivenikunta,17.40924647,78.91142607
Jampalle,17.407,78.881
Kotha Tanda-Bibinagar,17.410736,78.86490583
Gurrala Dandi,17.41466646,78.8512896
Mamillagudem Bibi Nagar,17.41615919,78.84917467
Battugudem,17.42078143,78.83878112
Chinnaravulapally,17.422,78.827
Hindustan Bc Colony Twds Secundrabad,17.424,78.823
Lakshmidevigudem Twd Secundrabad,17.4347946,78.81898105
Brahmanapally Bibinagar,17.437,78.819
Bibi Nagar,17.46997468,78.7938112
Addagutta Petrol Bunk,17.44486772,78.51396963
Rio-Point,17.443,78.519
Goutham Nagar Safilguda,17.453,78.529
Safilguda Rly Gate,17.46200225,78.5328591
East Maredpally,17.44904248,78.50896329
East Maredpally,17.44548332,78.5082069
Rathifile In,17.4345705,78.504878
Safilguda,17.462,78.533
Km Stone Venniguda Twd Bogaram,17.51391141,78.68135691
Km Stone Twd Keesara,17.5138884,78.68125504
Badesha Guda,17.500807,78.70382309
Km Stone Twd Ecil,17.517,78.614
My Villas,17.45067752,78.59816011
Reddy College,17.39504236,78.49327051
Reddy College,17.39524315,78.49322814
Womens Hostel-Rnj,17.51139092,78.36157816
Police Lines Begumpet,17.44319044,78.47770217
Shakti Sai Nagar,17.44180607,78.58151168
Nacharam Ida Twd Nacharam,17.43526,78.57296
Karkapatla,17.68304587,78.7277859
Damarkunta-Mulugu,17.70595425,78.75104606
Kashireddypally-Markook,17.69920342,78.77935946
Damarkunta-Mulugu,17.70582651,78.75116944
Karkapatla,17.6830484,78.72787981
Sai Dhamam Kaman,17.55451824,78.70336175
Peerlapally,17.73900978,78.8139385
Ms-Zp School Twd Guruvannapeta,17.75515464,78.81231308
Jagdevpur Bus Station,17.76773742,78.80629957
Ms-Gollapally Twd Guruvannapet,17.78825215,78.81352007
Gollapalle-Jagdevpur,17.80517902,78.81589385
Munigadapa,17.81305979,78.81905615
Wattipalle-Jagadevpur,17.82703011,78.84820097
Chatlapalle,17.84607004,78.85549127
Kondapochamma,17.86505946,78.86711061
Guruvannapeta,17.87759313,78.85862955
Wattipalle-Jagadevpur,17.82661657,78.84774495
Munigadapa,17.8130649,78.81911784
Gollapalle-Jagdevpur,17.80514073,78.81590994
Ms-Gollapally Twd Turkapally,17.78835431,78.81362736
Ms-Zp School Twd Turkapally,17.75524149,78.81234258
Peerlapally,17.73881562,78.81399617
Jnnurm Colony-Bogaram,17.49922611,78.67124498
Rajiv Gruha Colony,17.501057,78.394969
Jnnurm Colony Bachupally,17.55003269,78.38072956
Ashoknagar Rtc X Rd,17.40899821,78.48979086
Ashoknagar Rtc X Rd,17.40927974,78.48945692
Shakti Sai Nagar,17.44174777,78.58156805
Bolliguda,17.43386057,78.59242391
Thirumalgiri,17.471193,78.509826
Ntpc Annojiguda,17.43589757,78.66229711
Rajiv Swagruha,17.431,78.67
Ntpc Annojiguda,17.43579765,78.66200745
Pilligundla,17.42238,78.2101
Pilligundla,17.42255,78.21018
Subguard Room,17.53823263,78.51892769
Turkapally-Bollaram,17.54771738,78.51345624
Subguard Room,17.53823263,78.51900279
Hakeempet,17.54587021,78.53514433
Jonnabanda,17.52025804,78.50439079
Noble School,17.51079332,78.5781045
Gabbilalpet,17.51849182,78.57969724
Prajay Water Front,17.6577678,78.59904662
Ramalayam Bahadurpally,17.55970309,78.43868539
Bulkapur,17.44487736,78.15889746
Rajivgruhakalpa Bus Stop,17.45898,78.1502
Lalsahebguda,17.5383195,78.40994686
Madaram-Ekiraya,17.4120745,78.75105947
Padamati Somaram,17.43442259,78.76419123
Kunta,17.45022973,78.77996832
Padamati Somaram,17.4366313,78.76497343
Madaram-Ekiraya,17.41209753,78.75115335
Annojiguda,17.43306475,78.65500152
Potharaju Gudem,17.40916465,78.72341931
Maktha Anantharam,17.393,78.739
Julur,17.38596011,78.78489288
Julur,17.38242283,78.78631709
Guvvaleti X Roads,17.37747727,78.73347758
Dindigal Double Bed Room Stage,17.59953591,78.43098227
Indresam X Road,17.54382591,78.2613498
Rameshwar Banda,17.54724386,78.27219397
Ellenki College,17.54905827,78.28354239
Wadakpalle,17.5607,78.3001
Bommanakunta,17.56607432,78.30254581
Janakampet-Madharam,17.577,78.3079
Madharam-Jinnaram,17.58569419,78.30888656
Ootla X Road,17.63057679,78.31999362
Bonthapally Temple,17.66096263,78.34934233
Bonthapalle-Jinnaram,17.66602363,78.3727305
Madharam-Jinnaram,17.58577092,78.30904483
Janakampet-Madharam,17.57694948,78.30795049
Bommanakunta,17.56609734,78.30270854
Wadakpalle,17.56088076,78.30026865
Rameshwar Banda,17.54722596,78.27220336
Indresam X Road,17.54373647,78.26136589
Priceton College Of Engg,17.44471401,78.71832155
Ankushapur-Ghatkesar,17.44755581,78.72760087
Ankushapur Gate,17.45256586,78.72740775
Aushapur Gatkesar,17.45972509,78.73626173
Priceton College Of Engg,17.44471167,78.71836871
Ankushapur Gate,17.45263756,78.72732997
Nalsar Law University,17.60264022,78.54649544
Haridaspalle,17.52681674,78.60252175
Rg Kalpa X Rd,17.52524151,78.60656619
Rajiv Gruha Colony,17.517,78.601
Ms-Malyal Twd Malyal,17.568573,78.74723
Malyala-Bommalaramaram,17.57613641,78.75258029
Hazipur-Bommalaramaram,17.56102967,78.77056383
Malyala-Bommalaramaram,17.5760699,78.75262052
Ms-Bommalaramaram Twd Bommalaramaram,17.568552,78.747314
Venkatapur-M Turkapalle,17.64401692,78.86620396
Dattaipalle-Turkapalli,17.65233405,78.88466299
Mallapur-Yadagirigutta,17.63113921,78.91050339
Yadagirigutta Bus Depot,17.58272649,78.94509407
Yadagirigutta Bus Station,17.5991504,78.93517702
Mallapur-Yadagirigutta,17.63120058,78.91046315
Dattaipalle-Turkapalli,17.65227527,78.88483196
Venkatapur-M Turkapalle,17.64386607,78.86615569
Ms-1 Bommalaramaram X Road Twd Kazipet,17.56793845,78.73459339
Ms-2 Bommalaramaram X Road Twd Kazipet,17.57248494,78.73434659
Singaipally,17.54740867,78.54381357
Thumukunta,17.59103281,78.69791953
Kesavapuram-Shamirpet,17.58882884,78.69137227
Thumukunta,17.59113511,78.69798123
Bandakadi Palle-Bommalaramaram,17.60733411,78.70106041
Usharpally-Hyderabad,17.61069851,78.69293332
Usharpally-Hyderabad,17.61075219,78.69282067
Bandakadi Palle-Bommalaramaram,17.6073878,78.70094776
Pallegudem,17.41183074,78.77764289
Aliyabad Sc Colony,17.6213716,78.60328317
Safilguda,17.462,78.533
Laxmapur Thanda,17.66954987,78.68556259
Erragadda,17.45154238,78.43476532
Vardarajpur,17.7356299,78.76575261
Erravalle,17.75968618,78.75653376
Itikyal,17.76580993,78.77578017
Lingreddypally-Jagadevpur,17.76619818,78.79456645
Lingreddypally-Jagadevpur,17.76613078,78.79457295
Itikyal,17.76574508,78.77575324
Vardarajpur,17.73560691,78.76580893
Uddamarri,17.6173761,78.6781168
Alirajapet,17.78706582,78.77978459
Ganesh Pally-Jagdevpur,17.80442832,78.7492919
Teegul,17.81900451,78.76904393
Ganesh Pally-Jagdevpur,17.80457133,78.74935627
Alirajapet,17.78710477,78.77973698
Jameelapet,17.49402804,78.72532099
Km Stone Jiyapally Tws Jiyapally,17.50155908,78.72822313
Jiyapally,17.50600489,78.73461485
Km Stone Jiyapally Tws Aushapur,17.50159998,78.72828217
Pedda Parvathapur,17.54395629,78.71682644
Bommalaramaram,17.56388347,78.74006845
Solipeta-Bommalaramaram,17.60442729,78.7407732
Pyararam-Bommalaramaram,17.610053,78.725293
Ramuni Tanda,17.61815822,78.75199021
Ramuni Tanda,17.61798955,78.7519902
Solipeta-Bommalaramaram,17.60441962,78.74078728
Pedda Parvathapur,17.5439256,78.71688009
Sai Dhamam Kaman,17.55445431,78.7037158
Ivy League Academy,17.57781912,78.60310078
Ivy League Academy,17.57773216,78.60298812
Babaguda X Roads,17.57847839,78.58898431
Pathakota Markendeyanagar,17.356,78.813
Bhoodan Pochampally,17.34852356,78.82090415
Pathakota Markendeyanagar,17.3559532,78.81302117
Premnagar-Hafizpet,17.47848461,78.34972865
Vasanth Vihar Colony,17.412,78.545
Street No 8,17.405,78.544
Srinivas Puram,17.39,78.53
Venkatareddy Ramanthapur,17.386,78.528
Srinivas Puram,17.39,78.532
Street No 8,17.405,78.544
Vasanth Vihar Colony,17.412,78.545
Infosys Pocharam,17.44622515,78.63570035
Sanskruti Township,17.4431547,78.65010112
Vikasnagar,17.50395633,78.60535433
Ashoknagar,17.95224212,79.95350286
Lingam Palle-Nuthankal,17.31203726,79.7555387
Mahindra,17.44943231,78.51402956
Ravi Society,17.45465764,78.5185334
Mile Stone,17.48107563,78.48318994
Samathanagar Bowenpally,17.48348301,78.48386317
Mile Stone,17.48105773,78.48320603
Gudur (Bngr),17.489,78.828
Anantharam (Bngr),17.4979191,78.84197301
Gudur (Bngr),17.48881954,78.82837682
Suraj Nagar,17.43270647,78.59795091
Reddy Naik Tanda-Bibinagar,17.40754112,78.88946825
Tekulasomaram,17.40536774,78.95850956
Pallevampu,17.41822586,78.96180192
Pahalwanpurm,17.42750902,78.97607415
Raheem Khan Guda,17.45111251,78.79465342
Rudra Velly Bibinagar,17.409,78.786
Raghavapur-Bibinagar,17.42200946,78.79056036
Annojiguda,17.43348155,78.65472795
Singapore Township,17.43808031,78.65356922
Ambedkar Nagar Boduppal,17.42812057,78.57679793
Kendriya Vidyalaya Gachibowli,17.4399,78.3557
Devender Nagar Colony,17.387887,78.551374
D Mart,17.386738,78.548685
Bala Krishna Nagar,17.389354,78.540827
Sri Nagar Colony,17.386817,78.535262
Kamakshi Puram,17.385189,78.532514
Ram Reddy Nagar,17.383083,78.53025
Koti Medical College,17.36617383,78.48263709
Rayagiri,17.539465,78.94111
Chandupatla-Bg,17.50449824,78.98141831
Banda Somaram,17.4908176,78.98515361
Veeravally,17.48619991,79.00838256
Puligilla,17.46071087,79.02981068
Goligudem,17.4466689,79.02881604
Rayagiri,17.539352,78.940844
Gudur (Bngr),17.48904468,78.82810595
Bibi Nagar,17.47637591,78.7969923
Balaji Temple-Chilkanagar,17.40974667,78.57112079
Balaji Hills Chilkanagar,17.41481681,78.57105374
Balaji Temple-Chilkanagar,17.41009855,78.5711825
Bandam Kommu,17.51320547,78.31848087
Ameenpur,17.5233,78.3237
Narendra Nagar Colony,17.53361879,78.31999898
Ameenpur,17.52467464,78.32099944
Bandam Kommu,17.51314664,78.31853985
Yellampet X Road,17.673,78.487
Kallakal,17.71026739,78.47569585
Dandupally-Tupran,17.760744,78.471726
Ramaipally,17.78491918,78.4713614
Manoharabad Toll,17.80108798,78.47184688
Toopran Bs,17.84500784,78.47831368
Masaipet Chegunta,17.87922757,78.46931625
Ramanthapur-Chegunta,17.93163591,78.45820655
Chegunta-Mdk,17.96564985,78.46315719
Valloor-Chegunta,18.00072307,78.45244646
Narsingi-Medak,18.044735,78.429463
Zapthi Shivnoor,18.07319699,78.42996417
Ramayampet,18.1163082,78.42939522
Zapthi Shivnoor,18.07319512,78.43010366
Narsingi-Medak,18.04452253,78.42993738
Valloor-Chegunta,18.00065742,78.45255781
Ramanthapur-Chegunta,17.93165367,78.45834464
Masaipet Chegunta,17.87933454,78.46975476
Manoharabad Toll,17.80105,78.47171
Ramaipally,17.78498813,78.47171009
Dandupally-Tupran,17.76,78.472
Kallakal,17.71016511,78.47593792
Yellampet X Road,17.67305622,78.48705232
Rampally X Rds,17.45299064,78.62404093
Rampally X Rds,17.45120463,78.6343227
Ammasani Venkatreddy Colony,17.42552431,78.5868771
Parwathapur Peerzaziguda,17.391,78.605
Gandhi Nagar-Peerzadiguda,17.39190226,78.61002356
Kachavasingaram,17.389,78.632
Muthyalaguda,17.389,78.638
Pratap Singaram,17.386,78.662
Muthyalaguda,17.389,78.638
Kachavasingaram,17.389,78.632
Aler Bs,17.646111,79.052335
Kolanpaka Bus Stop,17.69484667,79.0371241
Pochannapet,17.7504001,79.03785132
Bachannapet,17.79041789,79.0349257
Ntr Garden,17.41450456,78.467324
Pocharam,17.55092926,78.24529381
Isnpur Village,17.54626923,78.19964665
Gundla Pochampally,17.56894723,78.48017916
Mile Stone,17.52404289,78.45400209
Ramreddy Nagar,17.52654963,78.4562552
Ranigunj Bus Depot,17.434,78.488
Mile Stone,17.51442558,78.88432905
Ramjipet,17.58795281,78.98999333
Old Aler,17.64274081,79.04240504
Mile Stone,17.64918706,79.04825997
Narayanapur,17.74685667,79.00537846
Bondugula,17.76956,78.9665914
Reddy Gudem-Aleru,17.633412,79.02736
Bahupeta,17.62366,79.016169
Kandukuru X Road-Nlg,17.60375267,78.99802588
Ramjipet,17.58780451,78.99040371
Pagidipally,17.49381122,78.83599095
Kondapur X Roads,17.4950449,78.32317846
Gandigudem,17.55920571,78.32823336
Sundara Chaitanyananda Ashramam Twd Dundgal,17.60075854,78.40679526
Chennapur-Shivampet,17.7573929,78.37058338
Chinna Gottimukkala,17.75924324,78.35402814
Chakirimetlu,17.75162679,78.33061784
Mambapur-Jinnaram,17.69563371,78.35547522
Nallavelly Gate-Narsapur,17.7031934,78.34381029
Khasila-Narsapur,17.70366483,78.32692444
Kondapur-Narsapur,17.71536848,78.30255523
Khasila-Narsapur,17.70374149,78.32681447
Gummadi Dala Toll Gate,17.67324022,78.37181925
Navapan Industries,17.53190966,78.2546312
Mile Stone,17.42416871,78.62228205
Vijayanagar Colony,17.39539364,78.45454347
Mile Stone,17.43583382,78.66227258
Bibi Bazar,17.3622202,78.48005177
Bharathiya Vidya Bhavan,17.49669561,78.31341145
Tourist Hotel,17.38961398,78.49620936
Rajivgruhakalpa Bus Stop,17.45898,78.1502
Mallapur Dcpl,18.59179185,78.28905411
Test Stage-1,17.366,78.476
Kazipally,17.5704,78.3488
Punjagutta,17.42632288,78.45262886
Uppal X Road,17.40245888,78.55947997
Jangaon Bs,17.71992468,79.16312204
Raghunathpalle,17.76044164,79.25688218
Komalla Toll,17.77770391,79.28356648
Station Ghanpur,17.85356106,79.36945148
Hanumakonda Bs,18.00326893,79.56746837
Station Ghanpur,17.85366796,79.36963756
Komalla Toll,17.77741415,79.2837336
Raghunathpalle,17.75995593,79.25709404
Bibi Nagar,17.47319227,78.79296017
Pashamylaram,17.53234629,78.18314747
Kyasaram-Patancheru,17.50519465,78.16712111
Kesaram X Roads,17.52878107,78.17436205
Akshaya Solar,17.499,78.146
Kesaram X Roads,17.52482714,78.66748627
Pashamylaram,17.53332522,78.18540654
Ecil X Roads,17.4709776,78.56739666
Gowdavelly X Road,17.60945476,78.45725432
Ayodhya X Road,17.58914332,78.47348571
Kistaipalle,17.59548913,78.36388724
Korlakunta X Road,17.59673945,78.3360739
Kistaipalle,17.59554718,78.3639143
Manthapurit,17.6178475,79.05000781
Dilawarpur,17.59669703,79.0453005
Ikkurthi,17.59990903,79.067878
Matoor,17.57378775,79.10419106
Amman Bole,17.57724627,79.12887889
Golanakonda,17.59252729,79.13665317
Jeedikal,17.6040687,79.16627989
Bollaram Bazar,17.51588101,78.52162465
Gopanpally Thanda,17.43828129,78.30765831
My Fair Avenue,17.4616,78.2918
Abode School,17.4533,78.2836
Jiyapally Thanda,17.5137,78.7398
Khajipet-Bommalaramaram,17.57982351,78.73599887
Dharmaram Bs,17.62666423,78.80118211
Ramoji Tanda,17.61963195,78.80867041
Gollagudem-Ygt,17.6147,78.8125
Palle Pahad-M Turkapalle,17.60431587,78.81764721
Pallepahad-Bhongir,17.60584107,78.8383761
Pedda Tanda,17.59631535,78.83870602
Rusthapur,17.58245207,78.84042261
Hanmapur,17.54392556,78.85297537
Pedda Thanda-Devaruppula,17.62986186,79.34806987
Ramoji Tanda X Road,16.80889188,79.64076357
Dharmaram-Mnty,18.59765257,79.68961402
Cheekati Mamidi-Munugodu,17.09815132,79.02253255
Kazipet Railway Station,17.97651357,79.51015957
Rangapur-Pargi,17.20053117,77.9322052
Nagaram Village,18.44754527,78.77004023
Cheeryal Narasimhaswamy Temple,17.52691744,78.62270587
Mallapur [Pb],17.44666903,78.57356837
Ramaneswaram-Bngr,17.439,78.9448
Reddy Naik Tanda-Bibinagar,17.40741909,78.88948023
